State,LGA,Partners covering,Total wards (LGA-scoped portions),Wards reported inaccessible,% of wards inaccessible (by count),"% of target HHs inaccessible (by ward, weighted)",Reported by (across all wards),Most recent report date (across all wards),Non-IDP: population (n_pop),Non-IDP: N_hh,Non-IDP: realized MoE %,IDP: population (n_pop),IDP: N_hh,IDP: realized MoE %
Borno,Abadam,FACT,7,7,100.0,100.0,Partner,2026-04-09,48195.05686569214,8032.509477615356,7.316214376897428,,,
Borno,Gubio,FACT,14,14,100.0,100.0,Partner,2026-04-09,323433.2787246704,53905.54645411173,7.097351021001513,12890,2896,9.12
Borno,Guzamala,FACT,17,17,100.0,100.0,Partner,2026-04-09,225165.82279586792,37527.63713264465,6.563702547209467,,,
Borno,Kukawa,FACT,14,14,100.0,100.0,Partner,2026-04-09,231025.08765792847,38504.18127632141,6.484353726248522,,,
Katsina,Kankara,FACT,19,19,100.0,100.0,Partner,2026-04-09,366127.55994033813,61021.25999005636,6.756745524515568,13789,1995,9.05
Kebbi,Sakaba,FACT,13,13,100.0,100.0,Partner,2026-08-24,170111.28638076782,28351.881063461304,9.27,,,
Kebbi,Shanga,FACT,14,14,100.0,100.0,Partner,2026-04-09,246262.006275177,41043.6677125295,7.219862649980676,,,
Sokoto,Kebbe,FACT,14,14,100.0,100.0,Partner,2026-05-09,156331.7902469635,26055.298374493916,8.333728662324177,1039,185,9.28
Borno,Nganzai,FACT,18,17,94.4,91.1,Partner,2026-04-09,204562.61185073853,34093.76864178976,6.561913362186184,,,
Katsina,Musawa,FACT,17,16,94.1,61.6,Partner,2026-04-09,316237.9446105957,52706.32410176595,9.28,7856,1053,9.13
Katsina,Safana,FACT,17,16,94.1,69.9,Partner,2026-04-09,271703.3266220093,45283.88777033488,6.502699258821533,10804,1534,6.829180139735268
Sokoto,Binji,FACT,11,10,90.9,57.5,Partner,2026-05-09,105715.37819671632,17619.229699452717,8.995685178058878,619,161,8.89
Sokoto,Gudu,FACT,9,8,88.9,38.6,Partner,2026-05-09,60431.252309799194,10071.875384966532,8.3017865026531,1926,328,8.84
Katsina,Malumfashi,FACT,17,15,88.2,68.9,Partner,2026-04-09,275748.4457702637,45958.074295043945,7.970418073672818,9280,1269,6.606048319066514
Katsina,Batsari,FACT,16,14,87.5,58.5,Partner,2026-08-24,294163.5997238159,49027.266620635986,6.862644671001683,20769,3133,7.989214704986017
Sokoto,Tureta,FACT,15,13,86.7,47.3,Partner,2026-05-09,143501.92295074463,23916.98715845744,7.252898000605697,7179,1055,9.13
Katsina,Dan Musa,FACT,14,12,85.7,69.1,Partner,2026-04-09,169247.14657592773,28207.85776265462,7.006353230712452,24005,3685,7.204567934573683
Katsina,Sabuwa,FACT,13,11,84.6,90.3,Partner,2026-04-09,254997.89064788815,42499.6484413147,9.27,2177,305,8.72
Borno,Mobbar,FHI 360,12,10,83.3,32.9,Not yet reported; Partner,2026-08-17,212568.94337898257,35428.15389649709,6.482831930119394,89388,15913,9.255206981728449
Katsina,Bakori,FACT,16,13,81.2,59.0,Partner,2026-08-24,231837.17682266235,38639.529470443726,6.859149589600551,3168,436,7.052123076297913
Katsina,Matazu,FACT,16,13,81.2,70.7,Partner,2026-04-09,179121.65754699707,29853.60959116618,6.542928772217059,3081,418,8.77
Kebbi,Bagudo,FACT,10,8,80.0,51.7,Partner,2026-08-24,337650.07073402405,56275.011789004006,8.55103407435614,,,
Kebbi,Dandi,FACT,10,8,80.0,77.5,Partner,2026-04-09,84165.2982082367,14027.549701372782,9.25,,,
Zamfara,Talata Mafara,FACT,10,8,80.0,70.1,Partner,2026-04-09,342105.08012771606,57017.51335461935,9.28,11837,2294,9.08
Zamfara,Maradun,FACT,13,10,76.9,45.7,Partner,2026-04-09,249163.37823486328,41527.22970581055,7.493670655746926,6025,1153,8.105918548714081
Borno,Mafa,FHI 360,12,9,75.0,37.8,Partner,2026-08-17,74375.48795890808,12395.914659818014,9.03,42100,8276,9.23
Katsina,Dutsin-Ma,FACT,15,11,73.3,34.6,Partner,2026-04-09,281488.0337295532,46914.67228825887,8.549226129562385,9291,1229,8.368637610807019
Adamawa,Guyuk,FACT,11,8,72.7,59.1,Partner,2026-04-09,292051.59965133667,48675.266608556114,9.28,4308,718,8.91
Sokoto,Yabo,FACT,11,8,72.7,53.7,Partner,2026-05-09,154293.33128738403,25715.555214564007,9.00433429159574,,,
Kebbi,Augie,FACT,14,10,71.4,64.6,Needs review; Partner,2026-08-24,93895.49839019775,15649.249731699623,7.7784701557768,,,
Sokoto,Silame,FACT,13,9,69.2,66.2,Partner,2026-05-09,94377.22797966003,15729.537996610006,9.25,3386,686,8.88
Zamfara,Birnin Magaji,FACT,13,9,69.2,29.6,Partner,2026-04-09,191211.05641555783,31868.509402592976,7.690137318281645,10936,2149,9.06
Katsina,Dandume,FACT,12,8,66.7,87.6,Partner,2026-04-09,234716.06490707395,39119.34415117899,9.27,2142,306,8.73
Kebbi,Arewa-Dandi,FACT,12,8,66.7,45.2,Partner,2026-05-09,159575.74143981934,26595.956906636555,7.024905587968353,,,
Yobe,Tarmua,FACT,12,8,66.7,32.3,Partner,2026-04-09,227214.20594596863,37869.0343243281,9.27,3961,768,8.96
Zamfara,Zurmi,FACT,12,8,66.7,36.0,Partner,2026-04-09,317667.7117805481,52944.61863009135,8.343924648093834,17630,3375,9.14
Katsina,Kafur,FACT,14,9,64.3,64.6,Partner,2026-04-09,304676.0131492615,50779.335524876915,7.803246150965043,4771,623,6.676651157871229
Sokoto,Gada,FACT,11,7,63.6,34.5,Partner,2026-05-09,260010.1434020996,43335.02390034994,9.27,1014,183,9.25
Kebbi,Fakai,FACT,16,10,62.5,72.5,Partner,2026-04-09,208391.96883010864,34731.994805018105,9.27,,,
Sokoto,Dange-Shuni,FACT,12,7,58.3,21.7,Partner,2026-05-09,388864.90714645386,64810.81785774231,9.28,4615,896,9.05
Kebbi,Wasagu/Danko,FACT,15,8,53.3,47.1,Partner,2026-04-09,520977.7491378784,86829.62485631306,9.28,,,
Borno,Chibok,IMC,14,7,50.0,31.8,Needs review; Not yet reported,2026-08-22,161582.26644706726,26930.377741177876,7.55951764883585,18091,3653,8.645525747192853
Borno,Damboa,IMC,12,6,50.0,31.2,Needs review; Not yet reported,2026-08-23,219812.11930274963,36635.35321712494,7.590148153164182,114070,25722,8.763153467545594
Katsina,Danja,FACT,16,8,50.0,17.5,Partner,2026-04-09,157020.44081115723,26170.073468526203,7.485428150295044,1728,223,8.58
Katsina,Faskari,FACT,10,5,50.0,23.7,Partner,2026-04-09,330287.731716156,55047.955286026,9.28,7533,941,9.07
Kebbi,Jega,FACT,12,6,50.0,33.3,Partner,2026-08-24,257889.7555541992,42981.62592569987,9.27,,,
Yobe,Potiskum,FACT,12,6,50.0,11.6,Partner,2026-04-09,504638.78034973145,84106.4633916219,9.28,8340,1270,9.21
Zamfara,Maru,INTERSOS,17,8,47.1,55.0,Not yet reported; Partner,,529380.8751220703,88230.14585367839,6.4786313129838415,9619,1850,8.280049064177671
Katsina,Funtua,FACT,15,7,46.7,12.7,Partner,2026-04-09,307008.9299354553,51168.154989242554,8.550129732866708,9787,1317,6.037727262647554
Sokoto,Kware,FACT,15,7,46.7,14.1,Partner,2026-05-09,278132.03718948364,46355.339531580605,9.012706695482883,4252,635,9.16
Kebbi,Bunza,FACT,11,5,45.5,34.3,Partner,2026-08-24,201459.23193740845,33576.53865623474,9.27,,,
Adamawa,Mayo-Belwa,FACT,12,5,41.7,19.1,Partner,2026-04-09,175781.2287979126,29296.871466318767,8.5426864153131,1748,321,8.8
Yobe,Geidam,FACT,12,5,41.7,22.1,Partner,2026-04-09,304823.92838668823,50803.98806444803,8.550058295954193,14432,2221,9.07
Zamfara,Shinkafi,FACT,12,5,41.7,20.5,Partner,2026-04-09,165035.30066299438,27505.883443832397,8.726058749041588,14139,2720,8.598033116107073
Kebbi,Yauri,FACT,10,4,40.0,28.4,Partner,2026-08-24,91301.93688201904,15216.989480336508,9.25,,,
Yobe,Fika,FACT,10,4,40.0,4.2,Partner,2026-04-09,226170.173286438,37695.028881073,9.27,2932,472,8.9
Zamfara,Gusau,INTERSOS,13,5,38.5,25.8,Partner,,982546.9675827026,163757.82793045044,8.77943601393365,70399,13101,8.313840725736815
Adamawa,Demsa,FACT,11,4,36.4,24.4,Partner,2026-04-09,167331.38335990906,27888.563893318176,9.27,20573,3420,8.003838661775033
Benue,Guma,COOPI,14,5,35.7,17.5,Partner,,212733.10863685608,35455.51810614268,8.146633034342866,111309,22077,9.26
Borno,Hawul,FACT,15,5,33.3,44.1,Partner,2026-04-09,216236.26539611816,36039.37756601969,9.27,23289,4172,9.17
Katsina,Ingawa,FACT,15,5,33.3,10.9,Partner,2026-04-09,282978.1454925537,47163.02424875895,9.27,292,45,7.07
Katsina,Kankia,IMC,15,5,33.3,26.3,Needs review; Not yet reported,2026-08-23,213225.1417961121,35537.52363268534,8.545745207695068,6382,800,8.397242924573767
Kebbi,Maiyama,FACT,12,4,33.3,21.3,Partner,2026-08-24,190313.15432739255,31718.85905456543,9.00789419236454,,,
Yobe,Yunusari,FACT,9,3,33.3,8.3,Partner,2026-04-09,117792.81175231934,19632.135292053223,9.26,1649,244,8.78
Katsina,Kusada,FACT,13,4,30.8,33.3,Partner,2026-04-09,155970.52949523926,25995.088249206543,9.27,1383,215,8.5
Yobe,Nangere,FACT,13,4,30.8,6.8,Partner,2026-04-09,200030.41593933103,33338.402656555176,9.27,3110,486,8.93
Kebbi,Kalgo,FACT,10,3,30.0,12.7,Partner,2026-08-24,106817.31272888184,17802.88545481364,9.26,,,
Sokoto,Wurno,ZOA,14,4,28.6,20.4,Partner,2026-08-25,183841.1490058899,30640.191500981648,8.144258561284355,2128,332,8.86
Zamfara,Bungudu,Save the Children,15,4,26.7,23.7,Needs review; Not yet reported; Partner,2026-08-21,560902.1705169678,93483.6950861613,8.15600462861779,7629,1487,9.26
Yobe,Machina,FACT,4,1,25.0,3.8,Partner,2026-04-09,10672.273918151855,1778.7123196919758,9.31,403,123,8.7
Zamfara,Bakura,FACT,12,3,25.0,14.6,Partner,2026-04-09,196902.7807159424,32817.13011932373,8.145418417847129,9196,1793,7.175662024677509
Borno,Shani,FACT,13,3,23.1,6.1,Partner,2026-04-09,196936.64055633545,32822.77342605591,9.008406937730305,2703,407,8.73
Katsina,Kurfi,Malteser,13,3,23.1,11.6,Partner,2026-09-02,186299.74063110352,31049.956771850582,9.27,5117,728,8.92
Adamawa,Girei,FACT,14,3,21.4,1.5,Partner,2026-04-09,233549.8871574402,38924.9811929067,9.27,18151,3863,9.16
Yobe,Karasuwa,FACT,14,3,21.4,4.5,Partner,2026-04-09,139192.0453300476,23198.6742216746,9.26,4670,842,9.01
Adamawa,Ganye,FACT,10,2,20.0,6.2,Partner,2026-04-09,281549.2809085846,46924.88015143076,8.771885549887495,1176,195,8.25
Zamfara,Bukkuyum,FACT,10,2,20.0,40.7,Partner,2026-04-09,305631.4310874939,50938.57184791565,9.28,21013,2849,9.12
Zamfara,Gummi,FACT,10,2,20.0,23.5,Partner,2026-04-09,308549.54081344604,51424.92346890768,9.28,16839,2810,9.12
Borno,Bayo,FACT,11,2,18.2,0.6,Partner,2026-04-09,118016.37986755373,19669.396644592285,9.26,549,93,8.31
Yobe,Bursari,FACT,11,2,18.2,9.2,Partner,2026-04-09,263324.2084350586,43887.368072509766,8.889196179358587,5129,823,9
Borno,Biu,FACT,12,2,16.7,5.8,Partner,2026-04-09,290008.7265777588,48334.7877629598,9.1,52751,7195,9.22
Kebbi,Ngaski,FACT,12,2,16.7,45.5,Partner,2026-04-09,210541.7227134705,35090.28711891174,8.146475798060928,,,
Yobe,Nguru,FACT,12,2,16.7,3.0,Partner,2026-04-09,202938.7126464844,33823.11877441406,9.27,6392,938,9.07
Adamawa,Jada,FACT,13,2,15.4,4.8,Partner,2026-04-09,286402.0970840454,47733.682847340904,8.549412645642095,960,160,8.87
Yobe,Fune,FACT,13,2,15.4,3.0,Partner,2026-04-09,479309.1031074524,79884.85051790874,9.28,4674,745,8.94
Katsina,Bindawa,FACT,14,2,14.3,0.0,Partner,2026-04-09,205899.23796081543,34316.5396601359,9.27,3376,481,8.92
Benue,Kwande,Save the Children,16,2,12.5,11.8,Needs review; Partner,2026-08-21,415075.5465621948,69179.2577603658,9.28,13591,2247,9.07
Adamawa,Fufore,FACT,10,1,10.0,0.5,Partner,2026-04-09,307659.37115097046,51276.56185849508,9.28,9949,1605,9.28
Adamawa,Toungo,FACT,10,1,10.0,0.7,Partner,2026-04-09,85318.47484970093,14219.745808283487,9.25,460,76,8.27
Katsina,Baure,FACT,10,1,10.0,0.0,Partner,2026-04-09,283949.36084365845,47324.89347394308,9.27,2227,306,8.73
Yobe,Gulani,FACT,10,1,10.0,6.5,Partner,2026-04-09,209589.52132034305,34931.58688672384,9.27,2297,356,8.96
Yobe,Yusufari,FACT,10,1,10.0,1.6,Partner,2026-04-09,135899.5456943512,22649.924282391865,9.26,1996,405,8.73
Benue,Makurdi,Malteser,11,1,9.1,32.8,Partner,2026-08-21,701171.9565620422,116861.99276034038,9.28,54792,13570,9.25
Katsina,Kaita,FACT,11,1,9.1,0.0,Partner,2026-04-09,214995.6921043396,35832.61535072327,9.27,2254,297,8.68
Yobe,Jakusko,FACT,11,1,9.1,1.0,Partner,2026-04-09,298985.25082588196,49830.875137646995,9.28,2820,461,8.88
Zamfara,Anka,Solidarités,11,1,9.1,4.4,Partner,,200352.65575790405,33392.10929298401,9.27,48546,5067,9.19
Borno,Askira/Uba,FACT,12,1,8.3,0.5,Partner,2026-04-09,133560.9821472168,22260.1636912028,9.26,12762,2127,9.06
Katsina,Daura,FACT,12,1,8.3,2.4,Partner,2026-04-09,356699.029258728,59449.838209788,9.28,1131,145,8.55
Kebbi,Aleiro,FACT,12,1,8.3,4.9,Partner,2026-08-24,117077.32178497314,19512.886964162193,9.26,,,
Katsina,Mani,FACT,13,1,7.7,1.1,Partner,2026-04-09,231517.93840026855,38586.323066711426,9.27,2031,288,8.63
Katsina,Rimi,FACT,13,1,7.7,0.5,Partner,2026-04-09,232248.69638824463,38708.11606470744,9.27,2794,355,8.95
Adamawa,Gombi,NRC,10,0,0.0,0.0,Partner,2026-08-25,474809.9642829895,79134.99404716492,9.28,6841,1452,9.25
Adamawa,Hong,NRC,12,0,0.0,0.0,Partner,2026-08-25,172829.03631591797,28804.839385986328,9.27,10164,1781,9.31
Adamawa,Lamurde,NRC,11,0,0.0,0.0,Partner,2026-08-25,125050.096118927,20841.682686487835,9.26,5376,896,9.05
Adamawa,Madagali,Street Child of Nigeria,10,0,0.0,0.0,Not yet reported,,230544.9935913086,38424.16559855143,9.27,14760,3088,9.13
Adamawa,Maiha,NRC,11,0,0.0,0.0,Partner,2026-08-25,100284.38202667236,16714.06367111206,9.26,9628,1096,9.15
Adamawa,Michika,NRC,15,0,0.0,0.0,Partner,2026-08-25,202117.11120986936,33686.1852016449,9.27,3253,920,9.06
Adamawa,Mubi North,NRC,13,0,0.0,0.0,Partner,2026-08-25,171837.1838760376,28639.530646006267,9.27,10337,2051,9.05
Adamawa,Mubi South,NRC,14,0,0.0,0.0,Partner,2026-08-25,190542.81622314453,31757.13603719075,9.27,9946,1865,9.03
Adamawa,Numan,NRC,10,0,0.0,0.0,Partner,2026-08-25,141861.62845611572,23643.604742685955,9.26,25858,3719,9.16
Adamawa,Shelleng,FACT,9,0,0.0,0.0,Partner,2026-04-09,445850.8656578064,74308.4776096344,9.28,10686,1781,9.31
Adamawa,Song,FACT,12,0,0.0,0.0,Partner,2026-04-09,390225.2474861145,65037.54124768575,9.28,5180,1216,9.19
Adamawa,Yola North,NRC,13,0,0.0,0.0,Partner,2026-08-25,411500.5311508179,68583.42185846965,9.28,11666,2544,9.1
Adamawa,Yola South,NRC,12,0,0.0,0.0,Partner,2026-08-25,471590.6862640381,78598.44771067302,9.28,18746,3305,9.14
Benue,Agatu,CRS,10,0,0.0,0.0,Not yet reported,,67293.50702667236,11215.584504445394,9.2,27830,4892,9.19
Benue,Gwer West,CRS,11,0,0.0,0.0,Not yet reported,,94482.7572402954,15747.126206715902,9.25,50655,11197,9.24
Benue,Logo,CRS,12,0,0.0,0.0,Not yet reported,,265414.4652366638,44235.744206110634,9.27,34214,5984,9.21
Borno,Bama,PLAN,9,0,0.0,0.0,Partner,,315418.78089904785,52569.79681650797,9.1,111144,36244,9.27
Borno,Dikwa,Street Child of Nigeria,9,0,0.0,0.0,Not yet reported,,135424.10023498535,22570.68337249756,9.09,109091,21741,9.26
Borno,Gwoza,NRC,9,0,0.0,0.0,Partner,2026-08-25,270687.35218811035,45114.558698018394,9.23,161897,31273,9.27
Borno,Jere,NRC,16,0,0.0,0.0,Partner,2026-08-25,1119531.816045761,186588.6360076269,9.28,262084,57906,9.28
Borno,Kaga,FACT,11,0,0.0,0.0,Partner,2026-04-09,145622.51853179932,24270.419755299885,9.27,24885,4701,9.18
Borno,Kala/Balge,PLAN,8,0,0.0,0.0,Partner,,45646.65709686279,7607.776182810466,9.13,41059,10983,9.24
Borno,Konduga,NRC,9,0,0.0,0.0,Partner,2026-08-25,319246.06648254395,53207.67774709066,9.14,73818,14702,9.25
Borno,Kwaya Kusar,FACT,10,0,0.0,0.0,Partner,2026-04-09,126387.11776733398,21064.519627888996,9.26,5722,709,8.91
Borno,Magumeri,INTERSOS,11,0,0.0,0.0,Partner,,346925.44622802734,57820.90770467123,9.28,38166,7621,9.22
Borno,Maiduguri,INTERSOS,17,0,0.0,0.0,Partner,,1796737.5993652344,299456.2665608724,9.28,196014,35641,9.27
Borno,Monguno,Street Child of Nigeria,7,0,0.0,0.0,Not yet reported,,205049.8247871399,34174.97079785665,9.18,146298,41540,9.27
Borno,Ngala,CARE,8,0,0.0,0.0,Not yet reported,,45467.43813705444,7577.90635617574,9.22,47965,11326,9.24
Kaduna,Jema'a,COOPI,12,0,0.0,0.0,Partner,,312479.9677658081,52079.99462763468,9.28,2447,440,8.83
Kaduna,Zaria,COOPI,13,0,0.0,0.0,Partner,,646389.6385593414,107731.6064265569,9.28,556,121,8.63
Katsina,Batagarawa,IRC,12,0,0.0,0.0,Partner,,299857.46466064453,49976.24411010742,9.28,9661,1351,9.23
Katsina,Charanchi,CARE,11,0,0.0,0.0,Not yet reported,,221895.2792816162,36982.546546936035,9.27,4004,598,9.12
Katsina,Dutsi,FACT,11,0,0.0,0.0,Partner,2026-04-09,210378.75128173828,35063.12521362305,9.27,1240,185,9.28
Katsina,Jibia,IRC,11,0,0.0,0.0,Partner,,97991.82145881651,16331.970243136087,9.26,1679,238,8.72
Katsina,Katsina,COOPI,14,0,0.0,0.0,Partner,,595731.9309082031,99288.6551513672,9.28,14313,1980,9.04
Katsina,Mai'adua,Save the Children,14,0,0.0,0.0,Needs review; Partner,2026-08-28,232853.2964477539,38808.88274129232,9.27,795,122,8.67
Katsina,Mashi,Malteser,12,0,0.0,0.0,Partner,2026-09-02,250008.55833816528,41668.09305636088,9.27,861,123,8.7
Katsina,Sandamu,MDM,12,0,0.0,0.0,Not yet reported,,234458.68725585935,39076.44787597656,9.27,2981,364,8.99
Katsina,Zango,Save the Children,10,0,0.0,0.0,Needs review; Partner,2026-08-28,142228.3740081787,23704.729001363117,9.26,,,
Kebbi,Argungu,CARE,10,0,0.0,0.0,Not yet reported,,250058.90236663815,41676.48372777303,9.27,,,
Kebbi,Birnin Kebbi,CARE,10,0,0.0,0.0,Not yet reported,,604040.1491966248,100673.35819943744,9.28,,,
Kebbi,Gwandu,Solidarités,12,0,0.0,0.0,Partner,,177247.8257675171,29541.30429458618,9.27,108,21,NA
Kebbi,Koko/Besse,CRS,9,0,0.0,0.0,Not yet reported,,220617.5333251953,36769.588887532555,9.27,,,
Kebbi,Suru,CARE,12,0,0.0,0.0,Not yet reported,,216020.28007125857,36003.38001187643,9.27,,,
Kebbi,Zuru,IRC; LHI,11,0,0.0,0.0,Partner,,313475.44707489014,52245.907845815025,9.28,,,
Nasarawa,Akwanga,CARE,10,0,0.0,0.0,Not yet reported,,216097.24271011353,36016.20711835226,9.27,722,122,8.67
Nasarawa,Awe,CARE,9,0,0.0,0.0,Not yet reported,,184505.57892417908,30750.92982069651,9.27,2342,461,8.88
Nasarawa,Keana,CARE,12,0,0.0,0.0,Not yet reported,,77168.24851989746,12861.374753316244,9.25,2857,609,9.13
Nasarawa,Kokona,CARE,12,0,0.0,0.0,Not yet reported,,215165.6350402832,35860.93917338053,9.27,592,112,8.29
Nasarawa,Lafia,CARE,13,0,0.0,0.0,Not yet reported,,602955.2499828339,100492.54166380563,9.28,3411,694,8.89
Nasarawa,Nasarawa-Eggon,CARE,17,0,0.0,0.0,Not yet reported,,187935.30894470215,31322.55149078369,9.27,1365,247,8.8
Nasarawa,Obi,CARE,13,0,0.0,0.0,Not yet reported,,151839.22409439087,25306.537349065144,9.18,1122,209,8.43
Plateau,Barikin Ladi,CRS,16,0,0.0,0.0,Not yet reported,,393224.3184814453,65537.38641357422,9.28,890,150,8.67
Plateau,Bassa,CRS,18,0,0.0,0.0,Not yet reported,,322917.84101867676,53819.64016977946,9.28,1555,305,8.72
Plateau,Bokkos,CRS,18,0,0.0,0.0,Not yet reported,,381707.02362060547,63617.837270100914,9.28,3041,557,9.06
Plateau,Mangu,COOPI,12,0,0.0,0.0,Partner,,490441.55071258545,81740.25845209758,9.28,11830,2343,9.08
Plateau,Riyom,COOPI,20,0,0.0,0.0,Partner,,263465.5090408325,43910.91817347208,9.27,6440,1215,9.19
Sokoto,Bodinga,ACF,12,0,0.0,0.0,Not yet reported,,305094.0268135071,50849.00446891785,9.28,1990,326,8.83
Sokoto,Goronyo,ACF,12,0,0.0,0.0,Not yet reported,,178017.02920913696,29669.504868189495,9.27,8406,1856,9.32
Sokoto,Gwadabawa,ACF,12,0,0.0,0.0,Not yet reported,,285692.1357498169,47615.35595830282,9.27,3147,534,9.02
Sokoto,Illela,DRC,14,0,0.0,0.0,Not yet reported,,164233.3740081787,27372.229001363117,9.27,1861,275,8.54
Sokoto,Isa,DRC; IRC; LHI,10,0,0.0,0.0,Partner,,144029.566116333,24004.9276860555,9.27,14047,3088,9.13
Sokoto,Rabah,ACF,11,0,0.0,0.0,Not yet reported,,175607.3538608551,29267.892310142517,9.27,8277,1648,9.29
Sokoto,Sabon Birni,IRC; LHI,10,0,0.0,0.0,Partner,,238497.08710479736,39749.514517466225,9.27,40729,8141,9.23
Sokoto,Shagari,CRS,14,0,0.0,0.0,Not yet reported,,203217.82891464233,33869.63815244039,9.27,14742,2596,9.1
Sokoto,Sokoto North,DRC,14,0,0.0,0.0,Not yet reported,,289092.7495651245,48182.12492752075,9.27,3369,807,8.99
Sokoto,Sokoto South,DRC,13,0,0.0,0.0,Not yet reported,,429367.9567871094,71561.32613118489,9.28,3674,644,9.17
Sokoto,Tambuwal,ACF,11,0,0.0,0.0,Not yet reported,,312165.556930542,52027.59282175699,9.28,17143,2518,9.1
Sokoto,Tangaza,IRC; LHI,10,0,0.0,0.0,Partner,,157058.68824005127,26176.448040008545,9.27,19151,3001,9.13
Sokoto,Wamako,CRS,13,0,0.0,0.0,Not yet reported,,666756.5336761475,111126.08894602458,9.28,3743,625,9.15
Yobe,Bade,NRC,10,0,0.0,0.0,Partner,2026-08-25,188139.3825302124,31356.5637550354,9.27,25096,3846,9.16
Yobe,Damaturu,NRC,11,0,0.0,0.0,Partner,2026-08-25,472767.0487213135,78794.50812021892,9.28,22585,3891,9.16
Yobe,Gujba,NRC,11,0,0.0,0.0,Partner,2026-08-25,202209.0013885498,33701.500231424965,9.27,48826,7046,9.22
Zamfara,Kaura Namoda,DRC,12,0,0.0,0.0,Not yet reported,,401074.020401001,66845.6700668335,9.28,16639,2968,9.13
Zamfara,Tsafe,IRC,10,0,0.0,0.0,Partner,,356904.43032073975,59484.07172012329,9.28,5240,849,9.02
