region,adm1_pcode,adm1_name,adm2_pcode,adm2_name,pop_type,strata_id,n_pop,N_hh,n_hex,selection_type,certainty_stratum,excluded_infeasible,clusters_target_stage1,achieved_clusters,m_used,ICC,DEFF,expected_households_stage1,target_sample,achieved_sample,confidence_level_pct,target_moe_pct,projected_moe_pct,realized_moe_pct
NE,NG002,Adamawa,NG002001,Demsa,non_idp,non_idp_NG002001,167331.38335990906,27888.563893318176,112,pps,FALSE,FALSE,17,14,6,0.06,1.3,102,102,102,90,10,NA,9.27
NE,NG002,Adamawa,NG002002,Fufore,non_idp,non_idp_NG002002,307659.37115097046,51276.56185849508,285,pps,FALSE,FALSE,17,17,6,0.06,1.3,102,102,102,90,10,NA,9.28
NE,NG002,Adamawa,NG002003,Ganye,non_idp,non_idp_NG002003,281549.2809085846,46924.88015143076,128,pps,FALSE,FALSE,17,14,6,0.06,1.3,102,102,102,90,10,NA,9.27
NE,NG002,Adamawa,NG002004,Gombi,non_idp,non_idp_NG002004,474809.9642829895,79134.99404716492,145,pps,FALSE,FALSE,17,15,6,0.06,1.3,102,102,102,90,10,NA,9.28
NE,NG002,Adamawa,NG002005,Girei,non_idp,non_idp_NG002005,233549.8871574402,38924.9811929067,82,pps,FALSE,FALSE,17,12,6,0.06,1.3,102,102,102,90,10,NA,9.27
NE,NG002,Adamawa,NG002006,Guyuk,non_idp,non_idp_NG002006,292051.59965133667,48675.266608556114,51,pps,FALSE,FALSE,17,14,6,0.06,1.3,102,102,102,90,10,NA,9.28
NE,NG002,Adamawa,NG002007,Hong,non_idp,non_idp_NG002007,172829.03631591797,28804.839385986328,175,pps,FALSE,FALSE,17,17,6,0.06,1.3,102,102,102,90,10,NA,9.27
NE,NG002,Adamawa,NG002008,Jada,non_idp,non_idp_NG002008,286402.0970840454,47733.682847340904,152,pps,FALSE,FALSE,17,17,6,0.06,1.3,102,102,102,90,10,NA,9.27
NE,NG002,Adamawa,NG002009,Lamurde,non_idp,non_idp_NG002009,125050.096118927,20841.682686487835,77,pps,FALSE,FALSE,17,14,6,0.06,1.3,102,102,102,90,10,NA,9.26
NE,NG002,Adamawa,NG002010,Madagali,non_idp,non_idp_NG002010,230544.9935913086,38424.16559855143,52,pps,FALSE,FALSE,17,15,6,0.06,1.3,102,102,102,90,10,NA,9.27
NE,NG002,Adamawa,NG002011,Maiha,non_idp,non_idp_NG002011,100284.38202667236,16714.06367111206,73,pps,FALSE,FALSE,17,16,6,0.06,1.3,102,102,102,90,10,NA,9.26
NE,NG002,Adamawa,NG002012,Mayo-Belwa,non_idp,non_idp_NG002012,175781.2287979126,29296.871466318767,153,pps,FALSE,FALSE,17,16,6,0.06,1.3,102,102,102,90,10,NA,9.27
NE,NG002,Adamawa,NG002013,Michika,non_idp,non_idp_NG002013,202117.11120986938,33686.1852016449,54,pps,FALSE,FALSE,17,13,6,0.06,1.3,102,102,102,90,10,NA,9.27
NE,NG002,Adamawa,NG002014,Mubi North,non_idp,non_idp_NG002014,171837.1838760376,28639.530646006267,47,pps,FALSE,FALSE,17,12,6,0.06,1.3,102,102,102,90,10,NA,9.27
NE,NG002,Adamawa,NG002015,Mubi South,non_idp,non_idp_NG002015,190542.81622314453,31757.136037190754,33,pps,FALSE,FALSE,17,12,6,0.06,1.3,102,102,102,90,10,NA,9.27
NE,NG002,Adamawa,NG002016,Numan,non_idp,non_idp_NG002016,141861.62845611572,23643.604742685955,60,pps,FALSE,FALSE,17,10,6,0.06,1.3,102,102,102,90,10,NA,9.26
NE,NG002,Adamawa,NG002017,Shelleng,non_idp,non_idp_NG002017,445850.8656578064,74308.4776096344,84,pps,FALSE,FALSE,17,15,6,0.06,1.3,102,102,102,90,10,NA,9.28
NE,NG002,Adamawa,NG002018,Song,non_idp,non_idp_NG002018,390225.2474861145,65037.54124768575,257,pps,FALSE,FALSE,17,16,6,0.06,1.3,102,102,102,90,10,NA,9.28
NE,NG002,Adamawa,NG002019,Toungo,non_idp,non_idp_NG002019,85318.47484970093,14219.745808283487,149,pps,FALSE,FALSE,17,14,6,0.06,1.3,102,102,102,90,10,NA,9.25
NE,NG002,Adamawa,NG002020,Yola North,non_idp,non_idp_NG002020,411500.5311508179,68583.42185846965,9,pps,FALSE,FALSE,17,5,6,0.06,1.3,102,102,102,90,10,NA,9.28
NE,NG002,Adamawa,NG002021,Yola South,non_idp,non_idp_NG002021,471590.6862640381,78598.44771067302,73,pps,FALSE,FALSE,17,12,6,0.06,1.3,102,102,102,90,10,NA,9.28
NC,NG007,Benue,NG007001,Ado,non_idp,non_idp_NG007001,156029.2172241211,26004.869537353516,79,pps,FALSE,FALSE,17,17,6,0.06,1.3,102,102,102,90,10,NA,9.27
NC,NG007,Benue,NG007002,Agatu,non_idp,non_idp_NG007002,67293.50702667236,11215.584504445394,61,pps,FALSE,FALSE,17,16,6,0.06,1.3,102,102,103,90,10,NA,9.2
NC,NG007,Benue,NG007003,Apa,non_idp,non_idp_NG007003,65235.63117599487,10872.605195999146,52,pps,FALSE,FALSE,17,14,6,0.06,1.3,102,102,102,90,10,NA,9.24
NC,NG007,Benue,NG007004,Buruku,non_idp,non_idp_NG007004,382514.14838409424,63752.35806401571,93,pps,FALSE,FALSE,17,17,6,0.06,1.3,102,102,102,90,10,NA,9.28
NC,NG007,Benue,NG007005,Gboko,non_idp,non_idp_NG007005,833889.2178115845,138981.53630193076,128,pps,FALSE,FALSE,17,15,6,0.06,1.3,102,102,102,90,10,NA,9.28
NC,NG007,Benue,NG007006,Guma,non_idp,non_idp_NG007006,212733.10863685608,35455.51810614268,182,pps,FALSE,FALSE,17,17,6,0.06,1.3,102,102,102,90,10,NA,9.27
NC,NG007,Benue,NG007007,Gwer East,non_idp,non_idp_NG007007,265264.86444091797,44210.81074015299,134,pps,FALSE,FALSE,17,15,6,0.06,1.3,102,102,102,90,10,NA,9.27
NC,NG007,Benue,NG007008,Gwer West,non_idp,non_idp_NG007008,94482.75724029541,15747.126206715902,90,pps,FALSE,FALSE,17,12,6,0.06,1.3,102,102,102,90,10,NA,9.25
NC,NG007,Benue,NG007009,Katsina-Ala,non_idp,non_idp_NG007009,610816.0340652466,101802.67234420776,187,pps,FALSE,FALSE,17,17,6,0.06,1.3,102,102,102,90,10,NA,9.28
NC,NG007,Benue,NG007010,Konshisha,non_idp,non_idp_NG007010,405574.3827056885,67595.73045094807,116,pps,FALSE,FALSE,17,17,6,0.06,1.3,102,102,102,90,10,NA,9.28
NC,NG007,Benue,NG007011,Kwande,non_idp,non_idp_NG007011,415075.5465621948,69179.2577603658,147,pps,FALSE,FALSE,17,17,6,0.06,1.3,102,102,102,90,10,NA,9.28
NC,NG007,Benue,NG007012,Logo,non_idp,non_idp_NG007012,265414.4652366638,44235.744206110634,109,pps,FALSE,FALSE,17,16,6,0.06,1.3,102,102,102,90,10,NA,9.27
NC,NG007,Benue,NG007013,Makurdi,non_idp,non_idp_NG007013,701171.9565620422,116861.99276034038,57,pps,FALSE,FALSE,17,13,6,0.06,1.3,102,102,102,90,10,NA,9.28
NC,NG007,Benue,NG007014,Obi,non_idp,non_idp_NG007014,93418.42126464844,15569.736877441406,39,pps,FALSE,FALSE,17,13,6,0.06,1.3,102,102,102,90,10,NA,9.25
NC,NG007,Benue,NG007015,Ogbadibo,non_idp,non_idp_NG007015,183480.8768157959,30580.146135965984,45,pps,FALSE,FALSE,17,16,6,0.06,1.3,102,102,102,90,10,NA,9.27
NC,NG007,Benue,NG007016,Ohimini,non_idp,non_idp_NG007016,62622.33707809448,10437.056179682413,41,pps,FALSE,FALSE,17,12,6,0.06,1.3,102,102,102,90,10,NA,9.24
NC,NG007,Benue,NG007017,Oju,non_idp,non_idp_NG007017,189055.51453399658,31509.252422332764,76,pps,FALSE,FALSE,17,15,6,0.06,1.3,102,102,102,90,10,NA,9.27
NC,NG007,Benue,NG007018,Okpokwu,non_idp,non_idp_NG007018,141192.01544952393,23532.002574920654,61,pps,FALSE,FALSE,17,16,6,0.06,1.3,102,102,102,90,10,NA,9.26
NC,NG007,Benue,NG007019,Oturkpo,non_idp,non_idp_NG007019,296419.78304100037,49403.29717350006,88,pps,FALSE,FALSE,17,12,6,0.06,1.3,102,102,107,90,10,NA,9.06
NC,NG007,Benue,NG007020,Tarka,non_idp,non_idp_NG007020,160157.1450958252,26692.857515970867,38,pps,FALSE,FALSE,17,14,6,0.06,1.3,102,102,102,90,10,NA,9.27
NC,NG007,Benue,NG007021,Ukum,non_idp,non_idp_NG007021,546129.8255615234,91021.63759358723,122,pps,FALSE,FALSE,17,16,6,0.06,1.3,102,102,102,90,10,NA,9.28
NC,NG007,Benue,NG007022,Ushongo,non_idp,non_idp_NG007022,381276.1356124878,63546.0226020813,104,pps,FALSE,FALSE,17,17,6,0.06,1.3,102,102,102,90,10,NA,9.28
NC,NG007,Benue,NG007023,Vandeikya,non_idp,non_idp_NG007023,444651.0297164917,74108.50495274861,76,pps,FALSE,FALSE,17,17,6,0.06,1.3,102,102,102,90,10,NA,9.28
NE,NG008,Borno,NG008001,Abadam,non_idp,non_idp_NG008001,48195.05686569214,8032.509477615356,91,pps,FALSE,FALSE,17,19,6,0.06,1.3,102,102,105,90,10,NA,9.09
NE,NG008,Borno,NG008002,Askira/Uba,non_idp,non_idp_NG008002,133560.9821472168,22260.1636912028,148,pps,FALSE,FALSE,17,14,6,0.06,1.3,102,102,102,90,10,NA,9.26
NE,NG008,Borno,NG008003,Bama,non_idp,non_idp_NG008003,315418.78089904785,52569.79681650797,249,pps,FALSE,FALSE,17,14,6,0.06,1.3,102,102,106,90,10,NA,9.1
NE,NG008,Borno,NG008004,Bayo,non_idp,non_idp_NG008004,118016.37986755371,19669.396644592285,71,pps,FALSE,FALSE,17,17,6,0.06,1.3,102,102,102,90,10,NA,9.26
NE,NG008,Borno,NG008005,Biu,non_idp,non_idp_NG008005,290008.7265777588,48334.7877629598,195,pps,FALSE,FALSE,17,14,6,0.06,1.3,102,102,106,90,10,NA,9.1
NE,NG008,Borno,NG008006,Chibok,non_idp,non_idp_NG008006,161582.26644706726,26930.377741177876,92,pps,FALSE,FALSE,17,16,6,0.06,1.3,102,102,107,90,10,NA,9.05
NE,NG008,Borno,NG008007,Damboa,non_idp,non_idp_NG008007,219812.11930274963,36635.35321712494,246,pps,FALSE,FALSE,17,13,6,0.06,1.3,102,102,102,90,10,NA,9.27
NE,NG008,Borno,NG008008,Dikwa,non_idp,non_idp_NG008008,135424.10023498535,22570.68337249756,117,pps,FALSE,FALSE,17,14,6,0.06,1.3,102,102,106,90,10,NA,9.09
NE,NG008,Borno,NG008009,Gubio,non_idp,non_idp_NG008009,323433.2787246704,53905.54645411173,179,pps,FALSE,FALSE,17,17,6,0.06,1.3,102,102,102,90,10,NA,9.28
NE,NG008,Borno,NG008010,Guzamala,non_idp,non_idp_NG008010,225165.82279586792,37527.63713264465,175,pps,FALSE,FALSE,17,18,6,0.06,1.3,102,102,104,90,10,NA,9.18
NE,NG008,Borno,NG008011,Gwoza,non_idp,non_idp_NG008011,270687.35218811035,45114.558698018394,115,pps,FALSE,FALSE,17,12,6,0.06,1.3,102,102,103,90,10,NA,9.23
NE,NG008,Borno,NG008012,Hawul,non_idp,non_idp_NG008012,216236.26539611816,36039.37756601969,138,pps,FALSE,FALSE,17,16,6,0.06,1.3,102,102,102,90,10,NA,9.27
NE,NG008,Borno,NG008013,Jere,non_idp,non_idp_NG008013,1119531.816045761,186588.63600762686,70,pps,FALSE,FALSE,17,10,6,0.06,1.3,102,102,102,90,10,NA,9.28
NE,NG008,Borno,NG008014,Kaga,non_idp,non_idp_NG008014,145622.51853179932,24270.419755299885,156,pps,FALSE,FALSE,17,18,6,0.06,1.3,102,102,102,90,10,NA,9.27
NE,NG008,Borno,NG008015,Kala/Balge,non_idp,non_idp_NG008015,45646.65709686279,7607.776182810466,74,pps,FALSE,FALSE,17,19,6,0.06,1.3,102,102,104,90,10,NA,9.13
NE,NG008,Borno,NG008016,Konduga,non_idp,non_idp_NG008016,319246.06648254395,53207.67774709066,322,pps,FALSE,FALSE,17,15,6,0.06,1.3,102,102,105,90,10,NA,9.14
NE,NG008,Borno,NG008017,Kukawa,non_idp,non_idp_NG008017,231025.08765792847,38504.18127632141,193,pps,FALSE,FALSE,17,12,6,0.06,1.3,102,102,102,90,10,NA,9.27
NE,NG008,Borno,NG008018,Kwaya Kusar,non_idp,non_idp_NG008018,126387.11776733398,21064.519627888996,59,pps,FALSE,FALSE,17,15,6,0.06,1.3,102,102,102,90,10,NA,9.26
NE,NG008,Borno,NG008019,Mafa,non_idp,non_idp_NG008019,74375.48795890808,12395.914659818014,141,pps,FALSE,FALSE,17,20,6,0.06,1.3,102,102,107,90,10,NA,9.03
NE,NG008,Borno,NG008020,Magumeri,non_idp,non_idp_NG008020,346925.44622802734,57820.90770467123,302,pps,FALSE,FALSE,17,17,6,0.06,1.3,102,102,102,90,10,NA,9.28
NE,NG008,Borno,NG008021,Maiduguri,non_idp,non_idp_NG008021,1796737.5993652344,299456.2665608724,15,pps,FALSE,FALSE,17,9,6,0.06,1.3,102,102,102,90,10,NA,9.28
NE,NG008,Borno,NG008022,Marte,non_idp,non_idp_NG008022,146770.35787963867,24461.726313273113,146,pps,FALSE,FALSE,17,19,6,0.06,1.3,102,102,107,90,10,NA,9.05
NE,NG008,Borno,NG008023,Mobbar,non_idp,non_idp_NG008023,147052.88337898254,24508.81389649709,102,pps,FALSE,FALSE,17,17,6,0.06,1.3,102,102,102,90,10,NA,9.27
NE,NG008,Borno,NG008024,Monguno,non_idp,non_idp_NG008024,205049.8247871399,34174.97079785665,117,pps,FALSE,FALSE,17,12,6,0.06,1.3,102,102,104,90,10,NA,9.18
NE,NG008,Borno,NG008025,Ngala,non_idp,non_idp_NG008025,45467.43813705444,7577.90635617574,62,pps,FALSE,FALSE,17,17,6,0.06,1.3,102,102,102,90,10,NA,9.22
NE,NG008,Borno,NG008026,Nganzai,non_idp,non_idp_NG008026,204562.61185073853,34093.76864178976,159,pps,FALSE,FALSE,17,18,6,0.06,1.3,102,102,104,90,10,NA,9.18
NE,NG008,Borno,NG008027,Shani,non_idp,non_idp_NG008027,196936.64055633545,32822.77342605591,86,pps,FALSE,FALSE,17,15,6,0.06,1.3,102,102,102,90,10,NA,9.27
NW,NG019,Kaduna,NG019001,Birnin-Gwari,non_idp,non_idp_NG019001,376430.4494857788,62738.4082476298,299,pps,FALSE,FALSE,17,17,6,0.06,1.3,102,102,102,90,10,NA,9.28
NW,NG019,Kaduna,NG019002,Chikun,non_idp,non_idp_NG019002,1387880.2286167145,231313.37143611908,254,pps,FALSE,FALSE,17,14,6,0.06,1.3,102,102,102,90,10,NA,9.28
NW,NG019,Kaduna,NG019003,Giwa,non_idp,non_idp_NG019003,376886.7593536377,62814.45989227295,135,pps,FALSE,FALSE,17,17,6,0.06,1.3,102,102,102,90,10,NA,9.28
NW,NG019,Kaduna,NG019004,Igabi,non_idp,non_idp_NG019004,1143534.4857025146,190589.0809504191,212,pps,FALSE,FALSE,17,16,6,0.06,1.3,102,102,102,90,10,NA,9.28
NW,NG019,Kaduna,NG019005,Ikara,non_idp,non_idp_NG019005,331396.21604156494,55232.702673594154,77,pps,FALSE,FALSE,17,16,6,0.06,1.3,102,102,102,90,10,NA,9.28
NW,NG019,Kaduna,NG019006,Jaba,non_idp,non_idp_NG019006,108756.76615905762,18126.12769317627,35,pps,FALSE,FALSE,17,14,6,0.06,1.3,102,102,102,90,10,NA,9.26
NW,NG019,Kaduna,NG019007,Jema'a,non_idp,non_idp_NG019007,312479.9677658081,52079.99462763468,101,pps,FALSE,FALSE,17,14,6,0.06,1.3,102,102,102,90,10,NA,9.28
NW,NG019,Kaduna,NG019008,Kachia,non_idp,non_idp_NG019008,334060.07333374023,55676.6788889567,266,pps,FALSE,FALSE,17,17,6,0.06,1.3,102,102,102,90,10,NA,9.28
NW,NG019,Kaduna,NG019009,Kaduna North,non_idp,non_idp_NG019009,638369.3892211914,106394.8982035319,9,pps,FALSE,FALSE,17,7,6,0.06,1.3,102,102,102,90,10,NA,9.28
NW,NG019,Kaduna,NG019010,Kaduna South,non_idp,non_idp_NG019010,567404.90576171875,94567.4842936198,8,pps,FALSE,FALSE,17,7,6,0.06,1.3,102,102,102,90,10,NA,9.28
NW,NG019,Kaduna,NG019011,Kagarko,non_idp,non_idp_NG019011,219727.38035583496,36621.230059305824,123,pps,FALSE,FALSE,17,16,6,0.06,1.3,102,102,102,90,10,NA,9.27
NW,NG019,Kaduna,NG019012,Kajuru,non_idp,non_idp_NG019012,230597.23307800293,38432.87217966715,154,pps,FALSE,FALSE,17,17,6,0.06,1.3,102,102,102,90,10,NA,9.27
NW,NG019,Kaduna,NG019013,Kaura,non_idp,non_idp_NG019013,180366.15678405762,30061.02613067627,40,pps,FALSE,FALSE,17,13,6,0.06,1.3,102,102,102,90,10,NA,9.27
NW,NG019,Kaduna,NG019014,Kauru,non_idp,non_idp_NG019014,315914.3512992859,52652.39188321432,199,pps,FALSE,FALSE,17,17,6,0.06,1.3,102,102,102,90,10,NA,9.28
NW,NG019,Kaduna,NG019015,Kubau,non_idp,non_idp_NG019015,446006.3530883789,74334.39218139648,155,pps,FALSE,FALSE,17,17,6,0.06,1.3,102,102,102,90,10,NA,9.28
NW,NG019,Kaduna,NG019016,Kudan,non_idp,non_idp_NG019016,152634.52590942383,25439.087651570637,32,pps,FALSE,FALSE,17,16,6,0.06,1.3,102,102,102,90,10,NA,9.27
NW,NG019,Kaduna,NG019017,Lere,non_idp,non_idp_NG019017,514160.14903640747,85693.35817273457,157,pps,FALSE,FALSE,17,16,6,0.06,1.3,102,102,102,90,10,NA,9.28
NW,NG019,Kaduna,NG019018,Markafi,non_idp,non_idp_NG019018,246002.7396850586,41000.45661417643,46,pps,FALSE,FALSE,17,15,6,0.06,1.3,102,102,102,90,10,NA,9.27
NW,NG019,Kaduna,NG019019,Sabon-Gari,non_idp,non_idp_NG019019,480837.86197280884,80139.64366213481,24,pps,FALSE,FALSE,17,10,6,0.06,1.3,102,102,102,90,10,NA,9.28
NW,NG019,Kaduna,NG019020,Sanga,non_idp,non_idp_NG019020,207853.55138778687,34642.25856463114,103,pps,FALSE,FALSE,17,17,6,0.06,1.3,102,102,102,90,10,NA,9.27
NW,NG019,Kaduna,NG019021,Soba,non_idp,non_idp_NG019021,422994.44118881226,70499.0735314687,145,pps,FALSE,FALSE,17,17,6,0.06,1.3,102,102,102,90,10,NA,9.28
NW,NG019,Kaduna,NG019022,Zango-Kataf,non_idp,non_idp_NG019022,351701.40853500366,58616.90142250061,149,pps,FALSE,FALSE,17,17,6,0.06,1.3,102,102,102,90,10,NA,9.28
NW,NG019,Kaduna,NG019023,Zaria,non_idp,non_idp_NG019023,646389.6385593414,107731.6064265569,33,pps,FALSE,FALSE,17,8,6,0.06,1.3,102,102,102,90,10,NA,9.28
NW,NG020,Kano,NG020001,Ajingi,non_idp,non_idp_NG020001,242076.98580932617,40346.16430155436,57,pps,FALSE,FALSE,17,16,6,0.06,1.3,102,102,102,90,10,NA,9.27
NW,NG020,Kano,NG020002,Albasu,non_idp,non_idp_NG020002,269474.3964920044,44912.39941533407,41,pps,FALSE,FALSE,17,16,6,0.06,1.3,102,102,102,90,10,NA,9.27
NW,NG020,Kano,NG020003,Bagwai,non_idp,non_idp_NG020003,281298.8651123047,46883.14418538412,35,pps,FALSE,FALSE,17,16,6,0.06,1.3,102,102,102,90,10,NA,9.27
NW,NG020,Kano,NG020004,Bebeji,non_idp,non_idp_NG020004,316764.1114959717,52794.01858266195,52,pps,FALSE,FALSE,17,17,6,0.06,1.3,102,102,102,90,10,NA,9.28
NW,NG020,Kano,NG020005,Bichi,non_idp,non_idp_NG020005,425941.0631713867,70990.17719523112,55,pps,FALSE,FALSE,17,16,6,0.06,1.3,102,102,102,90,10,NA,9.28
NW,NG020,Kano,NG020006,Bunkure,non_idp,non_idp_NG020006,237069.94595718384,39511.65765953064,41,pps,FALSE,FALSE,17,16,6,0.06,1.3,102,102,102,90,10,NA,9.27
NW,NG020,Kano,NG020007,Dala,non_idp,non_idp_NG020007,300045.578125,50007.596354166664,4,pps,FALSE,FALSE,17,4,6,0.06,1.3,102,102,102,90,10,NA,9.28
NW,NG020,Kano,NG020008,Dambatta,non_idp,non_idp_NG020008,455583.95988082886,75930.65998013814,67,pps,FALSE,FALSE,17,15,6,0.06,1.3,102,102,102,90,10,NA,9.28
NW,NG020,Kano,NG020009,Dawakin Kudu,non_idp,non_idp_NG020009,356517.9772949219,59419.66288248698,32,pps,FALSE,FALSE,17,16,6,0.06,1.3,102,102,102,90,10,NA,9.28
NW,NG020,Kano,NG020010,Dawakin Tofa,non_idp,non_idp_NG020010,374242.49669647217,62373.749449412026,40,pps,FALSE,FALSE,17,14,6,0.06,1.3,102,102,102,90,10,NA,9.28
NW,NG020,Kano,NG020011,Doguwa,non_idp,non_idp_NG020011,234161.97496032715,39026.99582672119,83,pps,FALSE,FALSE,17,15,6,0.06,1.3,102,102,102,90,10,NA,9.27
NW,NG020,Kano,NG020012,Fagge,non_idp,non_idp_NG020012,445335.201171875,74222.53352864583,7,pps,FALSE,FALSE,17,6,6,0.06,1.3,102,102,102,90,10,NA,9.28
NW,NG020,Kano,NG020013,Gabasawa,non_idp,non_idp_NG020013,254515.48641967773,42419.24773661295,51,pps,FALSE,FALSE,17,16,6,0.06,1.3,102,102,102,90,10,NA,9.27
NW,NG020,Kano,NG020014,Garko,non_idp,non_idp_NG020014,227944.7269668579,37990.787827809654,40,pps,FALSE,FALSE,17,15,6,0.06,1.3,102,102,102,90,10,NA,9.27
NW,NG020,Kano,NG020015,Garum Mallam,non_idp,non_idp_NG020015,170892.82452392578,28482.137420654297,21,pps,FALSE,FALSE,17,10,6,0.06,1.3,102,102,102,90,10,NA,9.27
NW,NG020,Kano,NG020016,Gaya,non_idp,non_idp_NG020016,274184.2262458801,45697.37104098002,46,pps,FALSE,FALSE,17,15,6,0.06,1.3,102,102,102,90,10,NA,9.27
NW,NG020,Kano,NG020017,Gezawa,non_idp,non_idp_NG020017,457830.829662323,76305.13827705383,32,pps,FALSE,FALSE,17,13,6,0.06,1.3,102,102,102,90,10,NA,9.28
NW,NG020,Kano,NG020018,Gwale,non_idp,non_idp_NG020018,382589.93798828125,63764.98966471354,6,pps,FALSE,FALSE,17,6,6,0.06,1.3,102,102,102,90,10,NA,9.28
NW,NG020,Kano,NG020019,Gwarzo,non_idp,non_idp_NG020019,320660.5009880066,53443.416831334434,38,pps,FALSE,FALSE,17,14,6,0.06,1.3,102,102,102,90,10,NA,9.28
NW,NG020,Kano,NG020020,Kabo,non_idp,non_idp_NG020020,303755.7910308838,50625.965171813965,35,pps,FALSE,FALSE,17,16,6,0.06,1.3,102,102,102,90,10,NA,9.28
NW,NG020,Kano,NG020021,Kano Municipal,non_idp,non_idp_NG020021,305838.1228027344,50973.0204671224,6,pps,FALSE,FALSE,17,5,6,0.06,1.3,102,102,102,90,10,NA,9.28
NW,NG020,Kano,NG020022,Karaye,non_idp,non_idp_NG020022,238953.33388137817,39825.55564689636,35,pps,FALSE,FALSE,17,15,6,0.06,1.3,102,102,102,90,10,NA,9.27
NW,NG020,Kano,NG020023,Kibiya,non_idp,non_idp_NG020023,259814.46797180176,43302.41132863363,34,pps,FALSE,FALSE,17,15,6,0.06,1.3,102,102,102,90,10,NA,9.27
NW,NG020,Kano,NG020024,Kiru,non_idp,non_idp_NG020024,500304.9696884155,83384.16161473592,72,pps,FALSE,FALSE,17,17,6,0.06,1.3,102,102,102,90,10,NA,9.28
NW,NG020,Kano,NG020025,Kumbotso,non_idp,non_idp_NG020025,1268116.098449707,211352.68307495117,20,pps,FALSE,FALSE,17,12,6,0.06,1.3,102,102,102,90,10,NA,9.28
NW,NG020,Kano,NG020026,Kunchi,non_idp,non_idp_NG020026,162066.80898284912,27011.134830474854,41,pps,FALSE,FALSE,17,17,6,0.06,1.3,102,102,102,90,10,NA,9.27
NW,NG020,Kano,NG020027,Kura,non_idp,non_idp_NG020027,217466.91331481934,36244.48555246989,20,pps,FALSE,FALSE,17,9,6,0.06,1.3,102,102,102,90,10,NA,9.27
NW,NG020,Kano,NG020028,Madobi,non_idp,non_idp_NG020028,255867.83738708496,42644.63956451416,25,pps,FALSE,FALSE,17,16,6,0.06,1.3,102,102,102,90,10,NA,9.27
NW,NG020,Kano,NG020029,Makoda,non_idp,non_idp_NG020029,367832.81021881104,61305.46836980184,39,pps,FALSE,FALSE,17,16,6,0.06,1.3,102,102,102,90,10,NA,9.28
NW,NG020,Kano,NG020030,Minjibir,non_idp,non_idp_NG020030,307714.44356536865,51285.74059422811,36,pps,FALSE,FALSE,17,15,6,0.06,1.3,102,102,102,90,10,NA,9.28
NW,NG020,Kano,NG020031,Nasarawa,non_idp,non_idp_NG020031,749478.1447296143,124913.02412160237,7,pps,FALSE,FALSE,17,5,6,0.06,1.3,102,102,102,90,10,NA,9.28
NW,NG020,Kano,NG020032,Rano,non_idp,non_idp_NG020032,314207.550239563,52367.92503992716,39,pps,FALSE,FALSE,17,13,6,0.06,1.3,102,102,102,90,10,NA,9.28
NW,NG020,Kano,NG020033,Rimin Gado,non_idp,non_idp_NG020033,208100.1678237915,34683.36130396525,27,pps,FALSE,FALSE,17,15,6,0.06,1.3,102,102,102,90,10,NA,9.27
NW,NG020,Kano,NG020034,Rogo,non_idp,non_idp_NG020034,345480.3354110718,57580.0559018453,58,pps,FALSE,FALSE,17,17,6,0.06,1.3,102,102,102,90,10,NA,9.28
NW,NG020,Kano,NG020035,Shanono,non_idp,non_idp_NG020035,187041.938457489,31173.6564095815,45,pps,FALSE,FALSE,17,17,6,0.06,1.3,102,102,102,90,10,NA,9.27
NW,NG020,Kano,NG020036,Sumaila,non_idp,non_idp_NG020036,454303.1718940735,75717.19531567891,86,pps,FALSE,FALSE,17,17,6,0.06,1.3,102,102,102,90,10,NA,9.28
NW,NG020,Kano,NG020037,Takai,non_idp,non_idp_NG020037,287360.8555679321,47893.475927988686,47,pps,FALSE,FALSE,17,16,6,0.06,1.3,102,102,102,90,10,NA,9.27
NW,NG020,Kano,NG020038,Tarauni,non_idp,non_idp_NG020038,458348.1711425781,76391.36185709636,6,pps,FALSE,FALSE,17,4,6,0.06,1.3,102,102,102,90,10,NA,9.28
NW,NG020,Kano,NG020039,Tofa,non_idp,non_idp_NG020039,169475.72105407715,28245.95350901286,20,pps,FALSE,FALSE,17,12,6,0.06,1.3,102,102,102,90,10,NA,9.27
NW,NG020,Kano,NG020040,Tsanyawa,non_idp,non_idp_NG020040,282747.90018463135,47124.65003077189,40,pps,FALSE,FALSE,17,16,6,0.06,1.3,102,102,102,90,10,NA,9.27
NW,NG020,Kano,NG020041,Tudun Wada,non_idp,non_idp_NG020041,319642.25874710083,53273.70979118347,77,pps,FALSE,FALSE,17,16,6,0.06,1.3,102,102,102,90,10,NA,9.28
NW,NG020,Kano,NG020042,Ungogo,non_idp,non_idp_NG020042,1017905.9753379822,169650.9958896637,25,pps,FALSE,FALSE,17,11,6,0.06,1.3,102,102,102,90,10,NA,9.28
NW,NG020,Kano,NG020043,Warawa,non_idp,non_idp_NG020043,304573.1708984375,50762.195149739586,30,pps,FALSE,FALSE,17,15,6,0.06,1.3,102,102,102,90,10,NA,9.28
NW,NG020,Kano,NG020044,Wudil,non_idp,non_idp_NG020044,324138.7346878052,54023.12244796753,33,pps,FALSE,FALSE,17,14,6,0.06,1.3,102,102,102,90,10,NA,9.28
NW,NG021,Katsina,NG021001,Bakori,non_idp,non_idp_NG021001,231837.17682266235,38639.529470443726,53,pps,FALSE,FALSE,17,15,6,0.06,1.3,102,102,102,90,10,NA,9.27
NW,NG021,Katsina,NG021002,Batagarawa,non_idp,non_idp_NG021002,299857.46466064453,49976.24411010742,43,pps,FALSE,FALSE,17,13,6,0.06,1.3,102,102,102,90,10,NA,9.28
NW,NG021,Katsina,NG021003,Batsari,non_idp,non_idp_NG021003,237403.36112976074,39567.22685496012,61,pps,FALSE,FALSE,17,15,6,0.06,1.3,102,102,102,90,10,NA,9.27
NW,NG021,Katsina,NG021004,Baure,non_idp,non_idp_NG021004,43627.077209472656,7271.179534912109,15,pps,FALSE,FALSE,17,10,6,0.06,1.3,102,102,102,90,10,NA,9.22
NW,NG021,Katsina,NG021005,Bindawa,non_idp,non_idp_NG021005,205899.23796081543,34316.5396601359,41,pps,FALSE,FALSE,17,15,6,0.06,1.3,102,102,102,90,10,NA,9.27
NW,NG021,Katsina,NG021006,Charanchi,non_idp,non_idp_NG021006,221895.2792816162,36982.546546936035,42,pps,FALSE,FALSE,17,15,6,0.06,1.3,102,102,102,90,10,NA,9.27
NW,NG021,Katsina,NG021007,Dan Musa,non_idp,non_idp_NG021007,169247.14657592773,28207.85776265462,55,pps,FALSE,FALSE,17,16,6,0.06,1.3,102,102,102,90,10,NA,9.27
NW,NG021,Katsina,NG021008,Dandume,non_idp,non_idp_NG021008,234716.06490707397,39119.34415117899,38,pps,FALSE,FALSE,17,11,6,0.06,1.3,102,102,102,90,10,NA,9.27
NW,NG021,Katsina,NG021009,Danja,non_idp,non_idp_NG021009,157020.44081115723,26170.073468526203,41,pps,FALSE,FALSE,17,17,6,0.06,1.3,102,102,102,90,10,NA,9.27
NW,NG021,Katsina,NG021010,Daura,non_idp,non_idp_NG021010,47567.372467041016,7927.895411173503,10,pps,FALSE,FALSE,17,8,6,0.06,1.3,102,102,102,90,10,NA,9.23
NW,NG021,Katsina,NG021011,Dutsi,non_idp,non_idp_NG021011,210378.75128173828,35063.12521362305,25,pps,FALSE,FALSE,17,16,6,0.06,1.3,102,102,102,90,10,NA,9.27
NW,NG021,Katsina,NG021012,Dutsin-Ma,non_idp,non_idp_NG021012,281488.0337295532,46914.67228825887,50,pps,FALSE,FALSE,17,13,6,0.06,1.3,102,102,102,90,10,NA,9.27
NW,NG021,Katsina,NG021013,Faskari,non_idp,non_idp_NG021013,330287.731716156,55047.955286026,105,pps,FALSE,FALSE,17,17,6,0.06,1.3,102,102,102,90,10,NA,9.28
NW,NG021,Katsina,NG021014,Funtua,non_idp,non_idp_NG021014,307008.9299354553,51168.154989242554,38,pps,FALSE,FALSE,17,10,6,0.06,1.3,102,102,102,90,10,NA,9.28
NW,NG021,Katsina,NG021015,Ingawa,non_idp,non_idp_NG021015,282978.1454925537,47163.02424875895,59,pps,FALSE,FALSE,17,17,6,0.06,1.3,102,102,102,90,10,NA,9.27
NW,NG021,Katsina,NG021016,Jibia,non_idp,non_idp_NG021016,8885.858135223389,1480.9763558705647,12,pps,FALSE,FALSE,16,8,6,0.06,1.3,96,96,96,90,10,NA,9.26
NW,NG021,Katsina,NG021017,Kafur,non_idp,non_idp_NG021017,304676.0131492615,50779.335524876915,75,pps,FALSE,FALSE,17,17,6,0.06,1.3,102,102,102,90,10,NA,9.28
NW,NG021,Katsina,NG021018,Kaita,non_idp,non_idp_NG021018,78802.30792999268,13133.717988332111,17,pps,FALSE,FALSE,17,10,6,0.06,1.3,102,102,102,90,10,NA,9.25
NW,NG021,Katsina,NG021019,Kankara,non_idp,non_idp_NG021019,366127.55994033813,61021.25999005636,94,pps,FALSE,FALSE,17,16,6,0.06,1.3,102,102,102,90,10,NA,9.28
NW,NG021,Katsina,NG021020,Kankia,non_idp,non_idp_NG021020,213225.14179611206,35537.52363268534,59,pps,FALSE,FALSE,17,15,6,0.06,1.3,102,102,102,90,10,NA,9.27
NW,NG021,Katsina,NG021021,Katsina,non_idp,non_idp_NG021021,545534.1813354492,90922.3635559082,11,pps,FALSE,FALSE,17,6,6,0.06,1.3,102,102,102,90,10,NA,9.28
NW,NG021,Katsina,NG021022,Kurfi,non_idp,non_idp_NG021022,186299.74063110352,31049.956771850586,49,pps,FALSE,FALSE,17,17,6,0.06,1.3,102,102,102,90,10,NA,9.27
NW,NG021,Katsina,NG021023,Kusada,non_idp,non_idp_NG021023,155970.52949523926,25995.088249206543,37,pps,FALSE,FALSE,17,16,6,0.06,1.3,102,102,102,90,10,NA,9.27
NW,NG021,Katsina,NG021024,Mai'adua,non_idp,non_idp_NG021024,11456.313873291016,1909.3856455485027,6,pps,FALSE,FALSE,17,5,6,0.06,1.3,102,102,102,90,10,NA,9.04
NW,NG021,Katsina,NG021025,Malumfashi,non_idp,non_idp_NG021025,275748.4457702637,45958.074295043945,63,pps,FALSE,FALSE,17,14,6,0.06,1.3,102,102,102,90,10,NA,9.27
NW,NG021,Katsina,NG021026,Mani,non_idp,non_idp_NG021026,231517.93840026855,38586.323066711426,54,pps,FALSE,FALSE,17,16,6,0.06,1.3,102,102,102,90,10,NA,9.27
NW,NG021,Katsina,NG021027,Mashi,non_idp,non_idp_NG021027,166056.57080841064,27676.095134735107,37,pps,FALSE,FALSE,17,14,6,0.06,1.3,102,102,102,90,10,NA,9.27
NW,NG021,Katsina,NG021028,Matazu,non_idp,non_idp_NG021028,179121.65754699707,29853.60959116618,42,pps,FALSE,FALSE,17,16,6,0.06,1.3,102,102,102,90,10,NA,9.27
NW,NG021,Katsina,NG021029,Musawa,non_idp,non_idp_NG021029,316237.9446105957,52706.32410176595,62,pps,FALSE,FALSE,17,17,6,0.06,1.3,102,102,102,90,10,NA,9.28
NW,NG021,Katsina,NG021030,Rimi,non_idp,non_idp_NG021030,232248.69638824463,38708.116064707436,45,pps,FALSE,FALSE,17,16,6,0.06,1.3,102,102,102,90,10,NA,9.27
NW,NG021,Katsina,NG021031,Sabuwa,non_idp,non_idp_NG021031,254997.89064788818,42499.6484413147,50,pps,FALSE,FALSE,17,15,6,0.06,1.3,102,102,102,90,10,NA,9.27
NW,NG021,Katsina,NG021032,Safana,non_idp,non_idp_NG021032,271703.3266220093,45283.88777033488,87,pps,FALSE,FALSE,17,17,6,0.06,1.3,102,102,102,90,10,NA,9.27
NW,NG021,Katsina,NG021033,Sandamu,non_idp,non_idp_NG021033,90634.63568115234,15105.77261352539,18,pps,FALSE,FALSE,17,12,6,0.06,1.3,102,102,102,90,10,NA,9.25
NW,NG021,Katsina,NG021034,Zango,non_idp,non_idp_NG021034,9331.475700378418,1555.2459500630698,5,pps,FALSE,FALSE,16,4,6,0.06,1.3,96,96,96,90,10,NA,9.27
NW,NG022,Kebbi,NG022001,Aleiro,non_idp,non_idp_NG022001,117077.32178497314,19512.886964162193,25,pps,FALSE,FALSE,17,9,6,0.06,1.3,102,102,102,90,10,NA,9.26
NW,NG022,Kebbi,NG022002,Arewa-Dandi,non_idp,non_idp_NG022002,60647.2138710022,10107.868978500366,79,pps,FALSE,FALSE,17,16,6,0.06,1.3,102,102,102,90,10,NA,9.24
NW,NG022,Kebbi,NG022003,Argungu,non_idp,non_idp_NG022003,250058.90236663818,41676.48372777303,68,pps,FALSE,FALSE,17,12,6,0.06,1.3,102,102,102,90,10,NA,9.27
NW,NG022,Kebbi,NG022004,Augie,non_idp,non_idp_NG022004,93895.49839019775,15649.249731699625,71,pps,FALSE,FALSE,17,16,6,0.06,1.3,102,102,102,90,10,NA,9.25
NW,NG022,Kebbi,NG022005,Bagudo,non_idp,non_idp_NG022005,314543.2609767914,52423.87682946523,236,pps,FALSE,FALSE,17,16,6,0.06,1.3,102,102,102,90,10,NA,9.28
NW,NG022,Kebbi,NG022006,Birnin Kebbi,non_idp,non_idp_NG022006,604040.1491966248,100673.35819943745,70,pps,FALSE,FALSE,17,9,6,0.06,1.3,102,102,102,90,10,NA,9.28
NW,NG022,Kebbi,NG022007,Bunza,non_idp,non_idp_NG022007,196620.01026916504,32770.001711527504,64,pps,FALSE,FALSE,17,12,6,0.06,1.3,102,102,102,90,10,NA,9.27
NW,NG022,Kebbi,NG022008,Dandi,non_idp,non_idp_NG022008,35694.84844207764,5949.1414070129395,45,pps,FALSE,FALSE,17,15,6,0.06,1.3,102,102,102,90,10,NA,9.21
NW,NG022,Kebbi,NG022009,Fakai,non_idp,non_idp_NG022009,208391.96883010864,34731.994805018105,143,pps,FALSE,FALSE,17,16,6,0.06,1.3,102,102,102,90,10,NA,9.27
NW,NG022,Kebbi,NG022010,Gwandu,non_idp,non_idp_NG022010,177247.8257675171,29541.30429458618,73,pps,FALSE,FALSE,17,16,6,0.06,1.3,102,102,102,90,10,NA,9.27
NW,NG022,Kebbi,NG022011,Jega,non_idp,non_idp_NG022011,257889.75555419922,42981.62592569987,66,pps,FALSE,FALSE,17,11,6,0.06,1.3,102,102,102,90,10,NA,9.27
NW,NG022,Kebbi,NG022012,Kalgo,non_idp,non_idp_NG022012,106817.31272888184,17802.88545481364,43,pps,FALSE,FALSE,17,13,6,0.06,1.3,102,102,102,90,10,NA,9.26
NW,NG022,Kebbi,NG022013,Koko/Besse,non_idp,non_idp_NG022013,220617.5333251953,36769.588887532555,82,pps,FALSE,FALSE,17,13,6,0.06,1.3,102,102,102,90,10,NA,9.27
NW,NG022,Kebbi,NG022014,Maiyama,non_idp,non_idp_NG022014,190313.15432739258,31718.85905456543,88,pps,FALSE,FALSE,17,17,6,0.06,1.3,102,102,102,90,10,NA,9.27
NW,NG022,Kebbi,NG022015,Ngaski,non_idp,non_idp_NG022015,210541.72271347046,35090.28711891174,140,pps,FALSE,FALSE,17,16,6,0.06,1.3,102,102,102,90,10,NA,9.27
NW,NG022,Kebbi,NG022016,Sakaba,non_idp,non_idp_NG022016,170111.28638076782,28351.881063461304,97,pps,FALSE,FALSE,17,17,6,0.06,1.3,102,102,102,90,10,NA,9.27
NW,NG022,Kebbi,NG022017,Shanga,non_idp,non_idp_NG022017,246262.006275177,41043.6677125295,165,pps,FALSE,FALSE,17,17,6,0.06,1.3,102,102,102,90,10,NA,9.27
NW,NG022,Kebbi,NG022018,Suru,non_idp,non_idp_NG022018,216020.28007125854,36003.38001187643,99,pps,FALSE,FALSE,17,15,6,0.06,1.3,102,102,102,90,10,NA,9.27
NW,NG022,Kebbi,NG022019,Wasagu/Danko,non_idp,non_idp_NG022019,520977.7491378784,86829.62485631306,258,pps,FALSE,FALSE,17,17,6,0.06,1.3,102,102,102,90,10,NA,9.28
NW,NG022,Kebbi,NG022020,Yauri,non_idp,non_idp_NG022020,91301.93688201904,15216.989480336508,15,pps,FALSE,FALSE,17,6,6,0.06,1.3,102,102,102,90,10,NA,9.25
NW,NG022,Kebbi,NG022021,Zuru,non_idp,non_idp_NG022021,313475.44707489014,52245.907845815025,58,pps,FALSE,FALSE,17,13,6,0.06,1.3,102,102,102,90,10,NA,9.28
NC,NG023,Kogi,NG023001,Adavi,non_idp,non_idp_NG023001,360031.0213165283,60005.17021942139,56,pps,FALSE,FALSE,17,11,6,0.06,1.3,102,102,102,90,10,NA,9.28
NC,NG023,Kogi,NG023002,Ajaokuta,non_idp,non_idp_NG023002,312662.203289032,52110.36721483866,81,pps,FALSE,FALSE,17,14,6,0.06,1.3,102,102,102,90,10,NA,9.28
NC,NG023,Kogi,NG023003,Ankpa,non_idp,non_idp_NG023003,385133.99310112,64188.99885018667,82,pps,FALSE,FALSE,17,13,6,0.06,1.3,102,102,102,90,10,NA,9.28
NC,NG023,Kogi,NG023004,Bassa,non_idp,non_idp_NG023004,173551.42552375793,28925.237587292988,117,pps,FALSE,FALSE,17,16,6,0.06,1.3,102,102,102,90,10,NA,9.27
NC,NG023,Kogi,NG023005,Dekina,non_idp,non_idp_NG023005,410080.82120895386,68346.80353482564,138,pps,FALSE,FALSE,17,15,6,0.06,1.3,102,102,102,90,10,NA,9.28
NC,NG023,Kogi,NG023006,Ibaji,non_idp,non_idp_NG023006,193454.5582637787,32242.426377296448,85,pps,FALSE,FALSE,17,17,6,0.06,1.3,102,102,105,90,10,NA,9.14
NC,NG023,Kogi,NG023007,Idah,non_idp,non_idp_NG023007,131189.80312347412,21864.967187245686,14,pps,FALSE,FALSE,17,5,6,0.06,1.3,102,102,102,90,10,NA,9.26
NC,NG023,Kogi,NG023008,Igalamela-Odolu,non_idp,non_idp_NG023008,261266.88717269897,43544.48119544983,124,pps,FALSE,FALSE,17,14,6,0.06,1.3,102,102,102,90,10,NA,9.27
NC,NG023,Kogi,NG023009,Ijumu,non_idp,non_idp_NG023009,262103.10464286804,43683.85077381134,83,pps,FALSE,FALSE,17,12,6,0.06,1.3,102,102,102,90,10,NA,9.27
NC,NG023,Kogi,NG023010,Kabba/Bunu,non_idp,non_idp_NG023010,225283.32049560547,37547.220082600914,126,pps,FALSE,FALSE,17,11,6,0.06,1.3,102,102,102,90,10,NA,9.27
NC,NG023,Kogi,NG023011,Kogi,non_idp,non_idp_NG023011,156129.87418937683,26021.645698229473,90,pps,FALSE,FALSE,17,14,6,0.06,1.3,102,102,102,90,10,NA,9.27
NC,NG023,Kogi,NG023012,Lokoja,non_idp,non_idp_NG023012,683610.7798995972,113935.12998326619,188,pps,FALSE,FALSE,17,11,6,0.06,1.3,102,102,102,90,10,NA,9.28
NC,NG023,Kogi,NG023013,Mopa-Muro,non_idp,non_idp_NG023013,69726.72854614258,11621.121424357096,54,pps,FALSE,FALSE,17,9,6,0.06,1.3,102,102,102,90,10,NA,9.24
NC,NG023,Kogi,NG023014,Ofu,non_idp,non_idp_NG023014,354259.8478012085,59043.30796686808,108,pps,FALSE,FALSE,17,17,6,0.06,1.3,102,102,102,90,10,NA,9.28
NC,NG023,Kogi,NG023015,Ogori/Magongo,non_idp,non_idp_NG023015,32806.19654464722,5467.69942410787,8,pps,FALSE,FALSE,17,5,6,0.06,1.3,102,102,102,90,10,NA,9.2
NC,NG023,Kogi,NG023016,Okehi,non_idp,non_idp_NG023016,299369.57777404785,49894.92962900797,47,pps,FALSE,FALSE,17,9,6,0.06,1.3,102,102,102,90,10,NA,9.28
NC,NG023,Kogi,NG023017,Okene,non_idp,non_idp_NG023017,255926.31913375854,42654.38652229309,26,pps,FALSE,FALSE,17,5,6,0.06,1.3,102,102,102,90,10,NA,9.27
NC,NG023,Kogi,NG023018,Olamabolo,non_idp,non_idp_NG023018,172151.21143722534,28691.86857287089,67,pps,FALSE,FALSE,17,15,6,0.06,1.3,102,102,102,90,10,NA,9.27
NC,NG023,Kogi,NG023019,Omala,non_idp,non_idp_NG023019,154566.86561203003,25761.144268671673,75,pps,FALSE,FALSE,17,14,6,0.06,1.3,102,102,102,90,10,NA,9.27
NC,NG023,Kogi,NG023020,Yagba East,non_idp,non_idp_NG023020,288001.6793708801,48000.27989514669,87,pps,FALSE,FALSE,17,12,6,0.06,1.3,102,102,106,90,10,NA,9.1
NC,NG023,Kogi,NG023021,Yagba West,non_idp,non_idp_NG023021,243503.30367279053,40583.88394546509,66,pps,FALSE,FALSE,17,10,6,0.06,1.3,102,102,102,90,10,NA,9.27
NC,NG026,Nasarawa,NG026001,Akwanga,non_idp,non_idp_NG026001,216097.24271011353,36016.20711835226,64,pps,FALSE,FALSE,17,12,6,0.06,1.3,102,102,102,90,10,NA,9.27
NC,NG026,Nasarawa,NG026002,Awe,non_idp,non_idp_NG026002,184505.57892417908,30750.929820696514,163,pps,FALSE,FALSE,17,17,6,0.06,1.3,102,102,102,90,10,NA,9.27
NC,NG026,Nasarawa,NG026003,Doma,non_idp,non_idp_NG026003,162061.13299369812,27010.18883228302,154,pps,FALSE,FALSE,17,13,6,0.06,1.3,102,102,102,90,10,NA,9.27
NC,NG026,Nasarawa,NG026004,Karu,non_idp,non_idp_NG026004,1142152.513999939,190358.75233332315,185,pps,FALSE,FALSE,17,14,6,0.06,1.3,102,102,102,90,10,NA,9.28
NC,NG026,Nasarawa,NG026005,Keana,non_idp,non_idp_NG026005,77168.24851989746,12861.374753316244,79,pps,FALSE,FALSE,17,15,6,0.06,1.3,102,102,102,90,10,NA,9.25
NC,NG026,Nasarawa,NG026006,Keffi,non_idp,non_idp_NG026006,216206.48762512207,36034.41460418701,12,pps,FALSE,FALSE,17,6,6,0.06,1.3,102,102,102,90,10,NA,9.27
NC,NG026,Nasarawa,NG026007,Kokona,non_idp,non_idp_NG026007,215165.6350402832,35860.93917338053,164,pps,FALSE,FALSE,17,17,6,0.06,1.3,102,102,102,90,10,NA,9.27
NC,NG026,Nasarawa,NG026008,Lafia,non_idp,non_idp_NG026008,602955.2499828339,100492.54166380565,173,pps,FALSE,FALSE,17,14,6,0.06,1.3,102,102,102,90,10,NA,9.28
NC,NG026,Nasarawa,NG026009,Nasarawa,non_idp,non_idp_NG026009,324918.5234851837,54153.08724753062,277,pps,FALSE,FALSE,17,14,6,0.06,1.3,102,102,102,90,10,NA,9.28
NC,NG026,Nasarawa,NG026010,Nasarawa-Eggon,non_idp,non_idp_NG026010,187935.30894470215,31322.55149078369,85,pps,FALSE,FALSE,17,14,6,0.06,1.3,102,102,102,90,10,NA,9.27
NC,NG026,Nasarawa,NG026011,Obi,non_idp,non_idp_NG026011,151839.22409439087,25306.537349065144,70,pps,FALSE,FALSE,17,17,6,0.06,1.3,102,102,104,90,10,NA,9.18
NC,NG026,Nasarawa,NG026012,Toto,non_idp,non_idp_NG026012,174520.24713516235,29086.707855860393,158,pps,FALSE,FALSE,17,17,6,0.06,1.3,102,102,104,90,10,NA,9.18
NC,NG026,Nasarawa,NG026013,Wamba,non_idp,non_idp_NG026013,98798.68549156189,16466.447581926983,77,pps,FALSE,FALSE,17,15,6,0.06,1.3,102,102,102,90,10,NA,9.26
NC,NG027,Niger,NG027001,Agaie,non_idp,non_idp_NG027001,178302.92333221436,29717.153888702393,118,pps,FALSE,FALSE,17,14,6,0.06,1.3,102,102,102,90,10,NA,9.27
NC,NG027,Niger,NG027002,Agwara,non_idp,non_idp_NG027002,93450.22505569458,15575.03750928243,90,pps,FALSE,FALSE,17,17,6,0.06,1.3,102,102,102,90,10,NA,9.25
NC,NG027,Niger,NG027003,Bida,non_idp,non_idp_NG027003,205138.9768218994,34189.829470316574,6,pps,FALSE,FALSE,17,4,6,0.06,1.3,102,102,102,90,10,NA,9.27
NC,NG027,Niger,NG027004,Borgu,non_idp,non_idp_NG027004,400941.71648979187,66823.61941496532,437,pps,FALSE,FALSE,17,16,6,0.06,1.3,102,102,102,90,10,NA,9.28
NC,NG027,Niger,NG027005,Bosso,non_idp,non_idp_NG027005,441823.8547821045,73637.30913035075,104,pps,FALSE,FALSE,17,15,6,0.06,1.3,102,102,102,90,10,NA,9.28
NC,NG027,Niger,NG027006,Chanchaga,non_idp,non_idp_NG027006,391768.7683105469,65294.79471842448,9,pps,FALSE,FALSE,17,6,6,0.06,1.3,102,102,102,90,10,NA,9.28
NC,NG027,Niger,NG027007,Edati,non_idp,non_idp_NG027007,59626.16836929321,9937.694728215536,62,pps,FALSE,FALSE,17,16,6,0.06,1.3,102,102,102,90,10,NA,9.24
NC,NG027,Niger,NG027008,Gbako,non_idp,non_idp_NG027008,131503.22496414185,21917.204160690308,112,pps,FALSE,FALSE,17,17,6,0.06,1.3,102,102,102,90,10,NA,9.26
NC,NG027,Niger,NG027009,Gurara,non_idp,non_idp_NG027009,181857.40505599976,30309.56750933329,89,pps,FALSE,FALSE,17,15,6,0.06,1.3,102,102,102,90,10,NA,9.27
NC,NG027,Niger,NG027010,Katcha,non_idp,non_idp_NG027010,181924.61264801025,30320.768774668377,114,pps,FALSE,FALSE,17,17,6,0.06,1.3,102,102,102,90,10,NA,9.27
NC,NG027,Niger,NG027011,Kontagora,non_idp,non_idp_NG027011,264959.7682647705,44159.961377461754,104,pps,FALSE,FALSE,17,10,6,0.06,1.3,102,102,102,90,10,NA,9.27
NC,NG027,Niger,NG027012,Lapai,non_idp,non_idp_NG027012,199210.00860977173,33201.668101628624,172,pps,FALSE,FALSE,17,16,6,0.06,1.3,102,102,102,90,10,NA,9.27
NC,NG027,Niger,NG027013,Lavun,non_idp,non_idp_NG027013,102756.51985168457,17126.08664194743,140,pps,FALSE,FALSE,17,17,6,0.06,1.3,102,102,105,90,10,NA,9.12
NC,NG027,Niger,NG027014,Magama,non_idp,non_idp_NG027014,322236.95361328125,53706.158935546875,237,pps,FALSE,FALSE,17,16,6,0.06,1.3,102,102,102,90,10,NA,9.28
NC,NG027,Niger,NG027015,Mariga,non_idp,non_idp_NG027015,410974.0966758728,68495.68277931213,346,pps,FALSE,FALSE,17,17,6,0.06,1.3,102,102,102,90,10,NA,9.28
NC,NG027,Niger,NG027016,Mashegu,non_idp,non_idp_NG027016,343429.9384174347,57238.32306957245,450,pps,FALSE,FALSE,17,17,6,0.06,1.3,102,102,102,90,10,NA,9.28
NC,NG027,Niger,NG027017,Mokwa,non_idp,non_idp_NG027017,378441.2004776001,63073.53341293335,324,pps,FALSE,FALSE,17,16,6,0.06,1.3,102,102,102,90,10,NA,9.28
NC,NG027,Niger,NG027018,Muya,non_idp,non_idp_NG027018,183005.8454399109,30500.97423998515,125,pps,FALSE,FALSE,17,17,6,0.06,1.3,102,102,102,90,10,NA,9.27
NC,NG027,Niger,NG027019,Paikoro,non_idp,non_idp_NG027019,266969.56221961975,44494.927036603294,141,pps,FALSE,FALSE,17,16,6,0.06,1.3,102,102,102,90,10,NA,9.27
NC,NG027,Niger,NG027020,Rafi,non_idp,non_idp_NG027020,328371.36598205566,54728.56099700928,227,pps,FALSE,FALSE,17,16,6,0.06,1.3,102,102,102,90,10,NA,9.28
NC,NG027,Niger,NG027021,Rijau,non_idp,non_idp_NG027021,348612.20907974243,58102.03484662374,198,pps,FALSE,FALSE,17,17,6,0.06,1.3,102,102,102,90,10,NA,9.28
NC,NG027,Niger,NG027022,Shiroro,non_idp,non_idp_NG027022,416673.69218063354,69445.61536343892,307,pps,FALSE,FALSE,17,17,6,0.06,1.3,102,102,102,90,10,NA,9.28
NC,NG027,Niger,NG027023,Suleja,non_idp,non_idp_NG027023,413281.0025024414,68880.16708374023,14,pps,FALSE,FALSE,17,8,6,0.06,1.3,102,102,102,90,10,NA,9.28
NC,NG027,Niger,NG027024,Tafa,non_idp,non_idp_NG027024,246718.01416015625,41119.66902669271,23,pps,FALSE,FALSE,17,11,6,0.06,1.3,102,102,102,90,10,NA,9.27
NC,NG027,Niger,NG027025,Wushishi,non_idp,non_idp_NG027025,117972.13497543335,19662.02249590556,116,pps,FALSE,FALSE,17,16,6,0.06,1.3,102,102,102,90,10,NA,9.26
NC,NG032,Plateau,NG032001,Barikin Ladi,non_idp,non_idp_NG032001,393224.3184814453,65537.38641357422,76,pps,FALSE,FALSE,17,16,6,0.06,1.3,102,102,102,90,10,NA,9.28
NC,NG032,Plateau,NG032002,Bassa,non_idp,non_idp_NG032002,322917.84101867676,53819.64016977946,115,pps,FALSE,FALSE,17,17,6,0.06,1.3,102,102,102,90,10,NA,9.28
NC,NG032,Plateau,NG032003,Bokkos,non_idp,non_idp_NG032003,381707.02362060547,63617.837270100914,112,pps,FALSE,FALSE,17,17,6,0.06,1.3,102,102,102,90,10,NA,9.28
NC,NG032,Plateau,NG032004,Jos East,non_idp,non_idp_NG032004,126159.79833984375,21026.633056640625,71,pps,FALSE,FALSE,17,17,6,0.06,1.3,102,102,102,90,10,NA,9.26
NC,NG032,Plateau,NG032005,Jos North,non_idp,non_idp_NG032005,462458.7343902588,77076.4557317098,23,pps,FALSE,FALSE,17,10,6,0.06,1.3,102,102,102,90,10,NA,9.28
NC,NG032,Plateau,NG032006,Jos South,non_idp,non_idp_NG032006,531730.5687561035,88621.76145935059,46,pps,FALSE,FALSE,17,14,6,0.06,1.3,102,102,102,90,10,NA,9.28
NC,NG032,Plateau,NG032007,Kanam,non_idp,non_idp_NG032007,225679.8830356598,37613.313839276634,161,pps,FALSE,FALSE,17,16,6,0.06,1.3,102,102,102,90,10,NA,9.27
NC,NG032,Plateau,NG032008,Kanke,non_idp,non_idp_NG032008,138156.38737487793,23026.064562479656,72,pps,FALSE,FALSE,17,15,6,0.06,1.3,102,102,102,90,10,NA,9.26
NC,NG032,Plateau,NG032009,Langtang North,non_idp,non_idp_NG032009,230285.02325057983,38380.83720842997,60,pps,FALSE,FALSE,17,14,6,0.06,1.3,102,102,102,90,10,NA,9.27
NC,NG032,Plateau,NG032010,Langtang South,non_idp,non_idp_NG032010,217017.1527481079,36169.52545801798,83,pps,FALSE,FALSE,17,15,6,0.06,1.3,102,102,102,90,10,NA,9.27
NC,NG032,Plateau,NG032011,Mangu,non_idp,non_idp_NG032011,490441.55071258545,81740.25845209758,111,pps,FALSE,FALSE,17,16,6,0.06,1.3,102,102,102,90,10,NA,9.28
NC,NG032,Plateau,NG032012,Mikang,non_idp,non_idp_NG032012,141562.32247924805,23593.720413208008,59,pps,FALSE,FALSE,17,16,6,0.06,1.3,102,102,102,90,10,NA,9.26
NC,NG032,Plateau,NG032013,Pankshin,non_idp,non_idp_NG032013,361403.9496269226,60233.9916044871,104,pps,FALSE,FALSE,17,15,6,0.06,1.3,102,102,102,90,10,NA,9.28
NC,NG032,Plateau,NG032014,Qua'an Pan,non_idp,non_idp_NG032014,316917.0802116394,52819.51336860657,158,pps,FALSE,FALSE,17,17,6,0.06,1.3,102,102,102,90,10,NA,9.28
NC,NG032,Plateau,NG032015,Riyom,non_idp,non_idp_NG032015,263465.5090408325,43910.918173472084,62,pps,FALSE,FALSE,17,16,6,0.06,1.3,102,102,102,90,10,NA,9.27
NC,NG032,Plateau,NG032016,Shendam,non_idp,non_idp_NG032016,324226.3133125305,54037.71888542175,166,pps,FALSE,FALSE,17,17,6,0.06,1.3,102,102,102,90,10,NA,9.28
NC,NG032,Plateau,NG032017,Wase,non_idp,non_idp_NG032017,196381.0149383545,32730.169156392414,285,pps,FALSE,FALSE,17,17,6,0.06,1.3,102,102,107,90,10,NA,9.05
NW,NG034,Sokoto,NG034001,Binji,non_idp,non_idp_NG034001,105715.37819671631,17619.229699452717,51,pps,FALSE,FALSE,17,15,6,0.06,1.3,102,102,102,90,10,NA,9.26
NW,NG034,Sokoto,NG034002,Bodinga,non_idp,non_idp_NG034002,305094.0268135071,50849.00446891785,46,pps,FALSE,FALSE,17,17,6,0.06,1.3,102,102,102,90,10,NA,9.28
NW,NG034,Sokoto,NG034003,Dange-Shuni,non_idp,non_idp_NG034003,388864.90714645386,64810.81785774231,67,pps,FALSE,FALSE,17,14,6,0.06,1.3,102,102,102,90,10,NA,9.28
NW,NG034,Sokoto,NG034004,Gada,non_idp,non_idp_NG034004,70196.59911346436,11699.433185577393,36,pps,FALSE,FALSE,17,15,6,0.06,1.3,102,102,102,90,10,NA,9.24
NW,NG034,Sokoto,NG034005,Gwadabawa,non_idp,non_idp_NG034005,279962.9146499634,46660.4857749939,72,pps,FALSE,FALSE,17,16,6,0.06,1.3,102,102,102,90,10,NA,9.27
NW,NG034,Sokoto,NG034006,Goronyo,non_idp,non_idp_NG034006,177496.38248062134,29582.73041343689,100,pps,FALSE,FALSE,17,17,6,0.06,1.3,102,102,102,90,10,NA,9.27
NW,NG034,Sokoto,NG034007,Gudu,non_idp,non_idp_NG034007,34738.06023597717,5789.676705996196,57,pps,FALSE,FALSE,17,14,6,0.06,1.3,102,102,102,90,10,NA,9.2
NW,NG034,Sokoto,NG034008,Illela,non_idp,non_idp_NG034008,71303.6481552124,11883.941359202066,35,pps,FALSE,FALSE,17,17,6,0.06,1.3,102,102,102,90,10,NA,9.25
NW,NG034,Sokoto,NG034009,Isa,non_idp,non_idp_NG034009,137444.0874557495,22907.347909291584,103,pps,FALSE,FALSE,17,13,6,0.06,1.3,102,102,102,90,10,NA,9.26
NW,NG034,Sokoto,NG034010,Kebbe,non_idp,non_idp_NG034010,156331.7902469635,26055.298374493916,124,pps,FALSE,FALSE,17,17,6,0.06,1.3,102,102,102,90,10,NA,9.27
NW,NG034,Sokoto,NG034011,Kware,non_idp,non_idp_NG034011,278132.03718948364,46355.339531580605,46,pps,FALSE,FALSE,17,16,6,0.06,1.3,102,102,102,90,10,NA,9.27
NW,NG034,Sokoto,NG034012,Rabah,non_idp,non_idp_NG034012,175607.3538608551,29267.892310142517,132,pps,FALSE,FALSE,17,17,6,0.06,1.3,102,102,102,90,10,NA,9.27
NW,NG034,Sokoto,NG034013,Sabon Birni,non_idp,non_idp_NG034013,74619.57082366943,12436.595137278238,52,pps,FALSE,FALSE,17,15,6,0.06,1.3,102,102,102,90,10,NA,9.25
NW,NG034,Sokoto,NG034014,Shagari,non_idp,non_idp_NG034014,203217.82891464233,33869.63815244039,72,pps,FALSE,FALSE,17,17,6,0.06,1.3,102,102,102,90,10,NA,9.27
NW,NG034,Sokoto,NG034015,Silame,non_idp,non_idp_NG034015,94377.22797966003,15729.537996610006,51,pps,FALSE,FALSE,17,16,6,0.06,1.3,102,102,102,90,10,NA,9.25
NW,NG034,Sokoto,NG034016,Sokoto North,non_idp,non_idp_NG034016,289092.7495651245,48182.12492752075,6,pps,FALSE,FALSE,17,4,6,0.06,1.3,102,102,102,90,10,NA,9.27
NW,NG034,Sokoto,NG034017,Sokoto South,non_idp,non_idp_NG034017,429367.9567871094,71561.32613118489,6,pps,FALSE,FALSE,17,4,6,0.06,1.3,102,102,102,90,10,NA,9.28
NW,NG034,Sokoto,NG034018,Tambuwal,non_idp,non_idp_NG034018,312165.556930542,52027.592821756996,110,pps,FALSE,FALSE,17,16,6,0.06,1.3,102,102,102,90,10,NA,9.28
NW,NG034,Sokoto,NG034019,Tangaza,non_idp,non_idp_NG034019,136007.72882461548,22667.95480410258,89,pps,FALSE,FALSE,17,18,6,0.06,1.3,102,102,103,90,10,NA,9.22
NW,NG034,Sokoto,NG034020,Tureta,non_idp,non_idp_NG034020,143501.92295074463,23916.98715845744,124,pps,FALSE,FALSE,17,17,6,0.06,1.3,102,102,102,90,10,NA,9.27
NW,NG034,Sokoto,NG034021,Wamako,non_idp,non_idp_NG034021,666756.5336761475,111126.08894602458,49,pps,FALSE,FALSE,17,12,6,0.06,1.3,102,102,102,90,10,NA,9.28
NW,NG034,Sokoto,NG034022,Wurno,non_idp,non_idp_NG034022,183841.1490058899,30640.191500981648,45,pps,FALSE,FALSE,17,14,6,0.06,1.3,102,102,102,90,10,NA,9.27
NW,NG034,Sokoto,NG034023,Yabo,non_idp,non_idp_NG034023,154293.33128738403,25715.555214564007,51,pps,FALSE,FALSE,17,15,6,0.06,1.3,102,102,102,90,10,NA,9.27
NE,NG036,Yobe,NG036001,Bade,non_idp,non_idp_NG036001,188139.3825302124,31356.5637550354,71,pps,FALSE,FALSE,17,8,6,0.06,1.3,102,102,102,90,10,NA,9.27
NE,NG036,Yobe,NG036002,Bursari,non_idp,non_idp_NG036002,263324.2084350586,43887.368072509766,246,pps,FALSE,FALSE,17,19,6,0.06,1.3,102,102,105,90,10,NA,9.14
NE,NG036,Yobe,NG036003,Damaturu,non_idp,non_idp_NG036003,472767.0487213135,78794.50812021892,155,pps,FALSE,FALSE,17,10,6,0.06,1.3,102,102,102,90,10,NA,9.28
NE,NG036,Yobe,NG036004,Fika,non_idp,non_idp_NG036004,226170.173286438,37695.028881073,149,pps,FALSE,FALSE,17,15,6,0.06,1.3,102,102,102,90,10,NA,9.27
NE,NG036,Yobe,NG036005,Fune,non_idp,non_idp_NG036005,479309.1031074524,79884.85051790874,348,pps,FALSE,FALSE,17,16,6,0.06,1.3,102,102,102,90,10,NA,9.28
NE,NG036,Yobe,NG036006,Geidam,non_idp,non_idp_NG036006,304823.92838668823,50803.988064448036,249,pps,FALSE,FALSE,17,15,6,0.06,1.3,102,102,102,90,10,NA,9.28
NE,NG036,Yobe,NG036007,Gujba,non_idp,non_idp_NG036007,202209.0013885498,33701.500231424965,210,pps,FALSE,FALSE,17,15,6,0.06,1.3,102,102,102,90,10,NA,9.27
NE,NG036,Yobe,NG036008,Gulani,non_idp,non_idp_NG036008,209589.52132034302,34931.58688672384,140,pps,FALSE,FALSE,17,17,6,0.06,1.3,102,102,102,90,10,NA,9.27
NE,NG036,Yobe,NG036009,Jakusko,non_idp,non_idp_NG036009,298985.25082588196,49830.875137646995,231,pps,FALSE,FALSE,17,17,6,0.06,1.3,102,102,102,90,10,NA,9.28
NE,NG036,Yobe,NG036010,Karasuwa,non_idp,non_idp_NG036010,139192.0453300476,23198.674221674602,99,pps,FALSE,FALSE,17,17,6,0.06,1.3,102,102,102,90,10,NA,9.26
NE,NG036,Yobe,NG036011,Machina,non_idp,non_idp_NG036011,10672.273918151855,1778.7123196919758,16,pps,FALSE,FALSE,16,11,6,0.06,1.3,96,96,96,90,10,NA,9.31
NE,NG036,Yobe,NG036012,Nangere,non_idp,non_idp_NG036012,200030.41593933105,33338.402656555176,82,pps,FALSE,FALSE,17,17,6,0.06,1.3,102,102,102,90,10,NA,9.27
NE,NG036,Yobe,NG036013,Nguru,non_idp,non_idp_NG036013,202938.71264648438,33823.11877441406,55,pps,FALSE,FALSE,17,10,6,0.06,1.3,102,102,102,90,10,NA,9.27
NE,NG036,Yobe,NG036014,Potiskum,non_idp,non_idp_NG036014,504638.78034973145,84106.4633916219,46,pps,FALSE,FALSE,17,7,6,0.06,1.3,102,102,102,90,10,NA,9.28
NE,NG036,Yobe,NG036015,Tarmua,non_idp,non_idp_NG036015,227214.20594596863,37869.0343243281,264,pps,FALSE,FALSE,17,17,6,0.06,1.3,102,102,102,90,10,NA,9.27
NE,NG036,Yobe,NG036016,Yunusari,non_idp,non_idp_NG036016,117792.81175231934,19632.135292053223,117,pps,FALSE,FALSE,17,17,6,0.06,1.3,102,102,102,90,10,NA,9.26
NE,NG036,Yobe,NG036017,Yusufari,non_idp,non_idp_NG036017,135899.5456943512,22649.924282391865,131,pps,FALSE,FALSE,17,16,6,0.06,1.3,102,102,102,90,10,NA,9.26
NW,NG037,Zamfara,NG037001,Anka,non_idp,non_idp_NG037001,200352.65575790405,33392.10929298401,155,pps,FALSE,FALSE,17,15,6,0.06,1.3,102,102,102,90,10,NA,9.27
NW,NG037,Zamfara,NG037002,Bakura,non_idp,non_idp_NG037002,196902.78071594238,32817.13011932373,85,pps,FALSE,FALSE,17,15,6,0.06,1.3,102,102,102,90,10,NA,9.27
NW,NG037,Zamfara,NG037003,Birnin Magaji,non_idp,non_idp_NG037003,191211.05641555786,31868.509402592976,82,pps,FALSE,FALSE,17,18,6,0.06,1.3,102,102,106,90,10,NA,9.09
NW,NG037,Zamfara,NG037004,Bukkuyum,non_idp,non_idp_NG037004,305631.4310874939,50938.57184791565,195,pps,FALSE,FALSE,17,17,6,0.06,1.3,102,102,102,90,10,NA,9.28
NW,NG037,Zamfara,NG037005,Bungudu,non_idp,non_idp_NG037005,560902.1705169678,93483.6950861613,148,pps,FALSE,FALSE,17,17,6,0.06,1.3,102,102,102,90,10,NA,9.28
NW,NG037,Zamfara,NG037006,Gummi,non_idp,non_idp_NG037006,308549.54081344604,51424.92346890768,148,pps,FALSE,FALSE,17,16,6,0.06,1.3,102,102,102,90,10,NA,9.28
NW,NG037,Zamfara,NG037007,Gusau,non_idp,non_idp_NG037007,982546.9675827026,163757.82793045044,164,pps,FALSE,FALSE,17,11,6,0.06,1.3,102,102,102,90,10,NA,9.28
NW,NG037,Zamfara,NG037008,Kaura Namoda,non_idp,non_idp_NG037008,401074.020401001,66845.6700668335,62,pps,FALSE,FALSE,17,14,6,0.06,1.3,102,102,102,90,10,NA,9.28
NW,NG037,Zamfara,NG037009,Maradun,non_idp,non_idp_NG037009,249163.37823486328,41527.22970581055,151,pps,FALSE,FALSE,17,16,6,0.06,1.3,102,102,102,90,10,NA,9.27
NW,NG037,Zamfara,NG037010,Maru,non_idp,non_idp_NG037010,529380.8751220703,88230.14585367839,407,pps,FALSE,FALSE,17,18,6,0.06,1.3,102,102,104,90,10,NA,9.19
NW,NG037,Zamfara,NG037011,Shinkafi,non_idp,non_idp_NG037011,164927.47760391235,27487.912933985393,55,pps,FALSE,FALSE,17,14,6,0.06,1.3,102,102,107,90,10,NA,9.05
NW,NG037,Zamfara,NG037012,Talata Mafara,non_idp,non_idp_NG037012,342105.08012771606,57017.51335461935,95,pps,FALSE,FALSE,17,13,6,0.06,1.3,102,102,102,90,10,NA,9.28
NW,NG037,Zamfara,NG037013,Tsafe,non_idp,non_idp_NG037013,356904.43032073975,59484.07172012329,117,pps,FALSE,FALSE,17,15,6,0.06,1.3,102,102,102,90,10,NA,9.28
NW,NG037,Zamfara,NG037014,Zurmi,non_idp,non_idp_NG037014,279768.5110015869,46628.08516693115,118,pps,FALSE,FALSE,17,16,6,0.06,1.3,102,102,102,90,10,NA,9.27
NE,NG002,Adamawa,NG002001,Demsa,idp,idp_NG002001,20573,3420,15,pps,FALSE,FALSE,17,9,6,0.06,1.3,102,102,102,90,10,NA,9.15
NE,NG002,Adamawa,NG002002,Fufore,idp,idp_NG002002,9949,1605,13,pps,FALSE,FALSE,16,8,6,0.06,1.3,96,96,96,90,10,NA,9.28
NE,NG002,Adamawa,NG002003,Ganye,idp,idp_NG002003,1176,195,5,pps,FALSE,FALSE,13,4,6,0.06,1.3,78,78,78,90,10,NA,8.25
NE,NG002,Adamawa,NG002004,Gombi,idp,idp_NG002004,6841,1452,15,pps,FALSE,FALSE,16,10,6,0.06,1.3,96,96,96,90,10,NA,9.25
NE,NG002,Adamawa,NG002005,Girei,idp,idp_NG002005,18151,3863,16,pps,FALSE,FALSE,17,11,6,0.06,1.3,102,102,102,90,10,NA,9.16
NE,NG002,Adamawa,NG002006,Guyuk,idp,idp_NG002006,4308,718,9,pps,FALSE,FALSE,16,8,6,0.06,1.3,96,96,96,90,10,NA,8.91
NE,NG002,Adamawa,NG002007,Hong,idp,idp_NG002007,10164,1781,28,pps,FALSE,FALSE,16,12,6,0.06,1.3,96,96,96,90,10,NA,9.31
NE,NG002,Adamawa,NG002008,Jada,idp,idp_NG002008,960,160,3,pps,FALSE,FALSE,11,3,6,0.06,1.3,66,66,66,90,10,NA,8.87
NE,NG002,Adamawa,NG002009,Lamurde,idp,idp_NG002009,5376,896,11,pps,FALSE,FALSE,16,9,6,0.06,1.3,96,96,96,90,10,NA,9.05
NE,NG002,Adamawa,NG002010,Madagali,idp,idp_NG002010,14760,3088,17,pps,FALSE,FALSE,17,11,6,0.06,1.3,102,102,102,90,10,NA,9.13
NE,NG002,Adamawa,NG002011,Maiha,idp,idp_NG002011,9628,1096,10,pps,FALSE,FALSE,16,10,6,0.06,1.3,96,96,96,90,10,NA,9.15
NE,NG002,Adamawa,NG002012,Mayo-Belwa,idp,idp_NG002012,1748,321,5,pps,FALSE,FALSE,14,5,6,0.06,1.3,84,84,84,90,10,NA,8.8
NE,NG002,Adamawa,NG002013,Michika,idp,idp_NG002013,3253,920,12,pps,FALSE,FALSE,16,8,6,0.06,1.3,96,96,96,90,10,NA,9.06
NE,NG002,Adamawa,NG002014,Mubi North,idp,idp_NG002014,10337,2051,7,pps,FALSE,FALSE,17,6,6,0.06,1.3,102,102,102,90,10,NA,9.05
NE,NG002,Adamawa,NG002015,Mubi South,idp,idp_NG002015,9946,1865,8,pps,FALSE,FALSE,17,5,6,0.06,1.3,102,102,102,90,10,NA,9.03
NE,NG002,Adamawa,NG002016,Numan,idp,idp_NG002016,25858,3719,8,pps,FALSE,FALSE,17,8,6,0.06,1.3,102,102,102,90,10,NA,9.16
NE,NG002,Adamawa,NG002017,Shelleng,idp,idp_NG002017,10686,1781,11,pps,FALSE,FALSE,16,7,6,0.06,1.3,96,96,96,90,10,NA,9.31
NE,NG002,Adamawa,NG002018,Song,idp,idp_NG002018,5180,1216,12,pps,FALSE,FALSE,16,11,6,0.06,1.3,96,96,96,90,10,NA,9.19
NE,NG002,Adamawa,NG002019,Toungo,idp,idp_NG002019,460,76,2,pps,FALSE,FALSE,8,2,6,0.06,1.3,48,48,48,90,10,NA,8.27
NE,NG002,Adamawa,NG002020,Yola North,idp,idp_NG002020,11666,2544,6,pps,FALSE,FALSE,17,6,6,0.06,1.3,102,102,102,90,10,NA,9.1
NE,NG002,Adamawa,NG002021,Yola South,idp,idp_NG002021,18746,3305,13,pps,FALSE,FALSE,17,11,6,0.06,1.3,102,102,102,90,10,NA,9.14
NC,NG007,Benue,NG007001,Ado,idp,idp_NG007001,11160,1963,2,pps,FALSE,FALSE,17,2,6,0.06,1.3,102,102,102,90,10,NA,9.04
NC,NG007,Benue,NG007002,Agatu,idp,idp_NG007002,27830,4892,13,pps,FALSE,FALSE,17,7,6,0.06,1.3,102,102,102,90,10,NA,9.19
NC,NG007,Benue,NG007003,Apa,idp,idp_NG007003,1283,197,4,pps,FALSE,FALSE,13,4,6,0.06,1.3,78,78,78,90,10,NA,8.27
NC,NG007,Benue,NG007004,Buruku,idp,idp_NG007004,10152,2157,9,pps,FALSE,FALSE,17,6,6,0.06,1.3,102,102,102,90,10,NA,9.06
NC,NG007,Benue,NG007006,Guma,idp,idp_NG007006,111309,22077,19,pps,FALSE,FALSE,17,9,6,0.06,1.3,102,102,102,90,10,NA,9.26
NC,NG007,Benue,NG007007,Gwer East,idp,idp_NG007007,7464,1687,3,pps,FALSE,FALSE,16,3,6,0.06,1.3,96,96,96,90,10,NA,9.3
NC,NG007,Benue,NG007008,Gwer West,idp,idp_NG007008,50655,11197,9,pps,FALSE,FALSE,17,6,6,0.06,1.3,102,102,102,90,10,NA,9.24
NC,NG007,Benue,NG007009,Katsina-Ala,idp,idp_NG007009,17033,2712,6,pps,FALSE,FALSE,17,6,6,0.06,1.3,102,102,102,90,10,NA,9.11
NC,NG007,Benue,NG007010,Konshisha,idp,idp_NG007010,4782,815,6,pps,FALSE,FALSE,16,6,6,0.06,1.3,96,96,96,90,10,NA,8.99
NC,NG007,Benue,NG007011,Kwande,idp,idp_NG007011,13591,2247,9,pps,FALSE,FALSE,17,7,6,0.06,1.3,102,102,102,90,10,NA,9.07
NC,NG007,Benue,NG007012,Logo,idp,idp_NG007012,34214,5984,8,pps,FALSE,FALSE,17,8,6,0.06,1.3,102,102,102,90,10,NA,9.21
NC,NG007,Benue,NG007013,Makurdi,idp,idp_NG007013,54792,13570,17,pps,FALSE,FALSE,17,11,6,0.06,1.3,102,102,102,90,10,NA,9.25
NC,NG007,Benue,NG007017,Oju,idp,idp_NG007017,6466,1023,3,pps,FALSE,FALSE,16,3,6,0.06,1.3,96,96,96,90,10,NA,9.11
NC,NG007,Benue,NG007018,Okpokwu,idp,idp_NG007018,1867,503,1,pps,FALSE,FALSE,15,1,6,0.06,1.3,90,90,90,90,10,NA,8.97
NC,NG007,Benue,NG007019,Oturkpo,idp,idp_NG007019,2644,412,2,pps,FALSE,FALSE,15,2,6,0.06,1.3,90,90,90,90,10,NA,8.75
NC,NG007,Benue,NG007020,Tarka,idp,idp_NG007020,2061,379,7,pps,FALSE,FALSE,14,5,6,0.06,1.3,84,84,84,90,10,NA,9.04
NC,NG007,Benue,NG007021,Ukum,idp,idp_NG007021,82773,15939,11,pps,FALSE,FALSE,17,7,6,0.06,1.3,102,102,102,90,10,NA,9.26
NC,NG007,Benue,NG007023,Vandeikya,idp,idp_NG007023,8596,1230,5,pps,FALSE,FALSE,16,3,6,0.06,1.3,96,96,96,90,10,NA,9.19
NE,NG008,Borno,NG008002,Askira/Uba,idp,idp_NG008002,12762,2127,12,pps,FALSE,FALSE,17,9,6,0.06,1.3,102,102,102,90,10,NA,9.06
NE,NG008,Borno,NG008003,Bama,idp,idp_NG008003,111144,36244,3,pps,FALSE,FALSE,17,1,6,0.06,1.3,102,102,102,90,10,NA,9.27
NE,NG008,Borno,NG008004,Bayo,idp,idp_NG008004,549,93,9,pps,FALSE,FALSE,9,8,6,0.06,1.3,54,54,54,90,10,NA,8.31
NE,NG008,Borno,NG008005,Biu,idp,idp_NG008005,52751,7195,13,pps,FALSE,FALSE,17,8,6,0.06,1.3,102,102,102,90,10,NA,9.22
NE,NG008,Borno,NG008006,Chibok,idp,idp_NG008006,18091,3653,26,pps,FALSE,FALSE,17,11,6,0.06,1.3,102,102,102,90,10,NA,9.16
NE,NG008,Borno,NG008007,Damboa,idp,idp_NG008007,114070,25722,14,pps,FALSE,FALSE,17,9,6,0.06,1.3,102,102,102,90,10,NA,9.27
NE,NG008,Borno,NG008008,Dikwa,idp,idp_NG008008,109091,21741,3,pps,FALSE,FALSE,17,3,6,0.06,1.3,102,102,102,90,10,NA,9.26
NE,NG008,Borno,NG008009,Gubio,idp,idp_NG008009,12890,2896,2,pps,FALSE,FALSE,17,2,6,0.06,1.3,102,102,102,90,10,NA,9.12
NE,NG008,Borno,NG008011,Gwoza,idp,idp_NG008011,161897,31273,3,pps,FALSE,FALSE,17,2,6,0.06,1.3,102,102,102,90,10,NA,9.27
NE,NG008,Borno,NG008012,Hawul,idp,idp_NG008012,23289,4172,15,pps,FALSE,FALSE,17,9,6,0.06,1.3,102,102,102,90,10,NA,9.17
NE,NG008,Borno,NG008013,Jere,idp,idp_NG008013,262084,57906,22,pps,FALSE,FALSE,17,11,6,0.06,1.3,102,102,102,90,10,NA,9.28
NE,NG008,Borno,NG008014,Kaga,idp,idp_NG008014,24885,4701,5,pps,FALSE,FALSE,17,3,6,0.06,1.3,102,102,102,90,10,NA,9.18
NE,NG008,Borno,NG008015,Kala/Balge,idp,idp_NG008015,41059,10983,2,pps,FALSE,FALSE,17,2,6,0.06,1.3,102,102,102,90,10,NA,9.24
NE,NG008,Borno,NG008016,Konduga,idp,idp_NG008016,73818,14702,14,pps,FALSE,FALSE,17,7,6,0.06,1.3,102,102,102,90,10,NA,9.25
NE,NG008,Borno,NG008018,Kwaya Kusar,idp,idp_NG008018,5722,709,13,pps,FALSE,FALSE,16,12,6,0.06,1.3,96,96,96,90,10,NA,8.91
NE,NG008,Borno,NG008019,Mafa,idp,idp_NG008019,42100,8276,2,pps,FALSE,FALSE,17,2,6,0.06,1.3,102,102,102,90,10,NA,9.23
NE,NG008,Borno,NG008020,Magumeri,idp,idp_NG008020,38166,7621,3,pps,FALSE,FALSE,17,3,6,0.06,1.3,102,102,102,90,10,NA,9.22
NE,NG008,Borno,NG008021,Maiduguri,idp,idp_NG008021,196014,35641,10,pps,FALSE,FALSE,17,7,6,0.06,1.3,102,102,102,90,10,NA,9.27
NE,NG008,Borno,NG008024,Monguno,idp,idp_NG008024,146298,41540,5,pps,FALSE,FALSE,17,3,6,0.06,1.3,102,102,102,90,10,NA,9.27
NE,NG008,Borno,NG008025,Ngala,idp,idp_NG008025,47965,11326,2,pps,FALSE,FALSE,17,2,6,0.06,1.3,102,102,102,90,10,NA,9.24
NE,NG008,Borno,NG008027,Shani,idp,idp_NG008027,2703,407,11,pps,FALSE,FALSE,15,9,6,0.06,1.3,90,90,90,90,10,NA,8.73
NW,NG019,Kaduna,NG019001,Birnin-Gwari,idp,idp_NG019001,14616,2637,10,pps,FALSE,FALSE,17,8,6,0.06,1.3,102,102,102,90,10,NA,9.11
NW,NG019,Kaduna,NG019002,Chikun,idp,idp_NG019002,25105,3975,19,pps,FALSE,FALSE,17,13,6,0.06,1.3,102,102,102,90,10,NA,9.17
NW,NG019,Kaduna,NG019003,Giwa,idp,idp_NG019003,2751,502,9,pps,FALSE,FALSE,15,8,6,0.06,1.3,90,90,90,90,10,NA,8.96
NW,NG019,Kaduna,NG019004,Igabi,idp,idp_NG019004,7333,1181,7,pps,FALSE,FALSE,16,5,6,0.06,1.3,96,96,96,90,10,NA,9.18
NW,NG019,Kaduna,NG019005,Ikara,idp,idp_NG019005,835,143,6,pps,FALSE,FALSE,11,4,6,0.06,1.3,66,66,66,90,10,NA,8.5
NW,NG019,Kaduna,NG019007,Jema'a,idp,idp_NG019007,2447,440,4,pps,FALSE,FALSE,15,4,6,0.06,1.3,90,90,90,90,10,NA,8.83
NW,NG019,Kaduna,NG019008,Kachia,idp,idp_NG019008,4882,799,6,pps,FALSE,FALSE,16,6,6,0.06,1.3,96,96,96,90,10,NA,8.98
NW,NG019,Kaduna,NG019009,Kaduna North,idp,idp_NG019009,4584,708,5,pps,FALSE,FALSE,16,5,6,0.06,1.3,96,96,96,90,10,NA,8.9
NW,NG019,Kaduna,NG019010,Kaduna South,idp,idp_NG019010,2304,340,6,pps,FALSE,FALSE,14,6,6,0.06,1.3,84,84,84,90,10,NA,8.89
NW,NG019,Kaduna,NG019011,Kagarko,idp,idp_NG019011,7107,1881,4,pps,FALSE,FALSE,17,4,6,0.06,1.3,102,102,102,90,10,NA,9.03
NW,NG019,Kaduna,NG019012,Kajuru,idp,idp_NG019012,11047,1913,19,pps,FALSE,FALSE,17,13,6,0.06,1.3,102,102,102,90,10,NA,9.04
NW,NG019,Kaduna,NG019013,Kaura,idp,idp_NG019013,1383,250,7,pps,FALSE,FALSE,13,6,6,0.06,1.3,78,78,78,90,10,NA,8.82
NW,NG019,Kaduna,NG019014,Kauru,idp,idp_NG019014,6160,1034,8,pps,FALSE,FALSE,16,6,6,0.06,1.3,96,96,96,90,10,NA,9.12
NW,NG019,Kaduna,NG019015,Kubau,idp,idp_NG019015,1913,282,11,pps,FALSE,FALSE,14,8,6,0.06,1.3,84,84,84,90,10,NA,8.59
NW,NG019,Kaduna,NG019016,Kudan,idp,idp_NG019016,1228,163,3,pps,FALSE,FALSE,11,3,6,0.06,1.3,66,66,66,90,10,NA,8.93
NW,NG019,Kaduna,NG019017,Lere,idp,idp_NG019017,12977,2160,19,pps,FALSE,FALSE,17,12,6,0.06,1.3,102,102,102,90,10,NA,9.06
NW,NG019,Kaduna,NG019018,Markafi,idp,idp_NG019018,132,18,2,certainty,TRUE,TRUE,1,0,6,0.06,1.3,18,0,0,90,NA,16.08,NA
NW,NG019,Kaduna,NG019019,Sabon-Gari,idp,idp_NG019019,351,58,3,pps,FALSE,FALSE,7,3,6,0.06,1.3,42,42,42,90,10,NA,7.67
NW,NG019,Kaduna,NG019020,Sanga,idp,idp_NG019020,4838,767,14,pps,FALSE,FALSE,16,13,6,0.06,1.3,96,96,96,90,10,NA,8.96
NW,NG019,Kaduna,NG019021,Soba,idp,idp_NG019021,2856,423,6,pps,FALSE,FALSE,15,5,6,0.06,1.3,90,90,90,90,10,NA,8.78
NW,NG019,Kaduna,NG019022,Zango-Kataf,idp,idp_NG019022,4177,598,11,pps,FALSE,FALSE,15,7,6,0.06,1.3,90,90,90,90,10,NA,9.12
NW,NG019,Kaduna,NG019023,Zaria,idp,idp_NG019023,556,121,4,pps,FALSE,FALSE,10,4,6,0.06,1.3,60,60,60,90,10,NA,8.63
NW,NG020,Kano,NG020001,Ajingi,idp,idp_NG020001,827,146,4,pps,FALSE,FALSE,11,4,6,0.06,1.3,66,66,66,90,10,NA,8.57
NW,NG020,Kano,NG020004,Bebeji,idp,idp_NG020004,96,19,1,certainty,TRUE,TRUE,1,0,6,0.06,1.3,19,0,0,90,NA,32.53,NA
NW,NG020,Kano,NG020008,Dambatta,idp,idp_NG020008,203,31,2,certainty,TRUE,TRUE,1,0,6,0.06,1.3,31,0,0,90,NA,21.54,NA
NW,NG020,Kano,NG020009,Dawakin Kudu,idp,idp_NG020009,186,30,2,certainty,TRUE,TRUE,1,0,6,0.06,1.3,30,0,0,90,NA,21.33,NA
NW,NG020,Kano,NG020010,Dawakin Tofa,idp,idp_NG020010,59,15,1,certainty,TRUE,TRUE,1,0,6,0.06,1.3,15,0,0,90,NA,30.69,NA
NW,NG020,Kano,NG020011,Doguwa,idp,idp_NG020011,222,37,2,pps,FALSE,FALSE,6,2,6,0.06,1.3,36,36,36,90,10,NA,2.6
NW,NG020,Kano,NG020012,Fagge,idp,idp_NG020012,515,90,2,pps,FALSE,FALSE,9,2,6,0.06,1.3,54,54,54,90,10,NA,8.12
NW,NG020,Kano,NG020013,Gabasawa,idp,idp_NG020013,406,60,3,pps,FALSE,FALSE,7,3,6,0.06,1.3,42,42,42,90,10,NA,7.99
NW,NG020,Kano,NG020016,Gaya,idp,idp_NG020016,1155,188,3,pps,FALSE,FALSE,13,3,6,0.06,1.3,78,78,78,90,10,NA,8.14
NW,NG020,Kano,NG020017,Gezawa,idp,idp_NG020017,616,128,4,pps,FALSE,FALSE,10,4,6,0.06,1.3,60,60,60,90,10,NA,8.86
NW,NG020,Kano,NG020018,Gwale,idp,idp_NG020018,107,19,2,certainty,TRUE,TRUE,1,0,6,0.06,1.3,19,0,0,90,NA,16.88,NA
NW,NG020,Kano,NG020019,Gwarzo,idp,idp_NG020019,63,10,1,certainty,TRUE,TRUE,1,0,6,0.06,1.3,10,0,0,90,NA,25.52,NA
NW,NG020,Kano,NG020020,Kabo,idp,idp_NG020020,301,54,2,pps,FALSE,FALSE,7,2,6,0.06,1.3,42,42,42,90,10,NA,6.88
NW,NG020,Kano,NG020021,Kano Municipal,idp,idp_NG020021,272,46,1,pps,FALSE,FALSE,7,1,6,0.06,1.3,42,42,42,90,10,NA,4.31
NW,NG020,Kano,NG020025,Kumbotso,idp,idp_NG020025,710,120,7,pps,FALSE,FALSE,10,6,6,0.06,1.3,60,60,60,90,10,NA,8.6
NW,NG020,Kano,NG020026,Kunchi,idp,idp_NG020026,218,35,1,certainty,TRUE,TRUE,1,0,6,0.06,1.3,35,0,0,90,NA,35.36,NA
NW,NG020,Kano,NG020029,Makoda,idp,idp_NG020029,65,10,1,certainty,TRUE,TRUE,1,0,6,0.06,1.3,10,0,0,90,NA,25.52,NA
NW,NG020,Kano,NG020030,Minjibir,idp,idp_NG020030,93,16,1,certainty,TRUE,TRUE,1,0,6,0.06,1.3,16,0,0,90,NA,31.26,NA
NW,NG020,Kano,NG020031,Nasarawa,idp,idp_NG020031,929,175,5,pps,FALSE,FALSE,11,4,6,0.06,1.3,66,66,66,90,10,NA,9.14
NW,NG020,Kano,NG020033,Rimin Gado,idp,idp_NG020033,85,16,2,certainty,TRUE,TRUE,1,0,6,0.06,1.3,16,0,0,90,NA,13.98,NA
NW,NG020,Kano,NG020034,Rogo,idp,idp_NG020034,63,11,1,certainty,TRUE,TRUE,1,0,6,0.06,1.3,11,0,0,90,NA,27.07,NA
NW,NG020,Kano,NG020035,Shanono,idp,idp_NG020035,168,26,1,certainty,TRUE,TRUE,1,0,6,0.06,1.3,26,0,0,90,NA,34.24,NA
NW,NG020,Kano,NG020036,Sumaila,idp,idp_NG020036,951,179,2,pps,FALSE,FALSE,11,2,6,0.06,1.3,66,66,66,90,10,NA,9.2
NW,NG020,Kano,NG020037,Takai,idp,idp_NG020037,487,71,1,pps,FALSE,FALSE,8,1,6,0.06,1.3,48,48,48,90,10,NA,7.76
NW,NG020,Kano,NG020038,Tarauni,idp,idp_NG020038,600,98,2,pps,FALSE,FALSE,9,2,6,0.06,1.3,54,54,54,90,10,NA,8.59
NW,NG020,Kano,NG020039,Tofa,idp,idp_NG020039,163,23,1,certainty,TRUE,TRUE,1,0,6,0.06,1.3,23,0,0,90,NA,33.65,NA
NW,NG020,Kano,NG020041,Tudun Wada,idp,idp_NG020041,407,79,2,pps,FALSE,FALSE,8,1,6,0.06,1.3,48,48,48,90,10,NA,8.53
NW,NG020,Kano,NG020042,Ungogo,idp,idp_NG020042,354,67,5,pps,FALSE,FALSE,8,4,6,0.06,1.3,48,48,48,90,10,NA,7.26
NW,NG020,Kano,NG020043,Warawa,idp,idp_NG020043,143,25,1,certainty,TRUE,TRUE,1,0,6,0.06,1.3,25,0,0,90,NA,34.06,NA
NW,NG020,Kano,NG020044,Wudil,idp,idp_NG020044,926,165,4,pps,FALSE,FALSE,11,4,6,0.06,1.3,66,66,66,90,10,NA,8.97
NW,NG021,Katsina,NG021001,Bakori,idp,idp_NG021001,3168,436,3,pps,FALSE,FALSE,15,3,6,0.06,1.3,90,90,90,90,10,NA,8.82
NW,NG021,Katsina,NG021002,Batagarawa,idp,idp_NG021002,9661,1351,11,pps,FALSE,FALSE,16,8,6,0.06,1.3,96,96,96,90,10,NA,9.23
NW,NG021,Katsina,NG021003,Batsari,idp,idp_NG021003,19531,2958,7,pps,FALSE,FALSE,17,6,6,0.06,1.3,102,102,102,90,10,NA,9.12
NW,NG021,Katsina,NG021005,Bindawa,idp,idp_NG021005,3376,481,9,pps,FALSE,FALSE,15,9,6,0.06,1.3,90,90,90,90,10,NA,8.92
NW,NG021,Katsina,NG021006,Charanchi,idp,idp_NG021006,4004,598,5,pps,FALSE,FALSE,15,5,6,0.06,1.3,90,90,90,90,10,NA,9.12
NW,NG021,Katsina,NG021007,Dan Musa,idp,idp_NG021007,24005,3685,10,pps,FALSE,FALSE,17,10,6,0.06,1.3,102,102,102,90,10,NA,9.16
NW,NG021,Katsina,NG021008,Dandume,idp,idp_NG021008,2142,306,2,pps,FALSE,FALSE,14,2,6,0.06,1.3,84,84,84,90,10,NA,8.73
NW,NG021,Katsina,NG021009,Danja,idp,idp_NG021009,1728,223,5,pps,FALSE,FALSE,13,5,6,0.06,1.3,78,78,78,90,10,NA,8.58
NW,NG021,Katsina,NG021010,Daura,idp,idp_NG021010,409,44,1,pps,FALSE,FALSE,6,1,6,0.06,1.3,36,36,36,90,10,NA,6.74
NW,NG021,Katsina,NG021011,Dutsi,idp,idp_NG021011,1240,185,3,pps,FALSE,FALSE,11,3,6,0.06,1.3,66,66,66,90,10,NA,9.28
NW,NG021,Katsina,NG021012,Dutsin-Ma,idp,idp_NG021012,9291,1229,4,pps,FALSE,FALSE,16,4,6,0.06,1.3,96,96,96,90,10,NA,9.19
NW,NG021,Katsina,NG021013,Faskari,idp,idp_NG021013,7533,941,6,pps,FALSE,FALSE,16,6,6,0.06,1.3,96,96,96,90,10,NA,9.07
NW,NG021,Katsina,NG021014,Funtua,idp,idp_NG021014,9787,1317,2,pps,FALSE,FALSE,16,2,6,0.06,1.3,96,96,96,90,10,NA,9.22
NW,NG021,Katsina,NG021015,Ingawa,idp,idp_NG021015,292,45,1,pps,FALSE,FALSE,6,1,6,0.06,1.3,36,36,36,90,10,NA,7.07
NW,NG021,Katsina,NG021017,Kafur,idp,idp_NG021017,4771,623,5,pps,FALSE,FALSE,15,5,6,0.06,1.3,90,90,90,90,10,NA,9.15
NW,NG021,Katsina,NG021018,Kaita,idp,idp_NG021018,392,51,2,pps,FALSE,FALSE,7,2,6,0.06,1.3,42,42,42,90,10,NA,6.14
NW,NG021,Katsina,NG021019,Kankara,idp,idp_NG021019,13789,1995,6,pps,FALSE,FALSE,17,5,6,0.06,1.3,102,102,102,90,10,NA,9.05
NW,NG021,Katsina,NG021020,Kankia,idp,idp_NG021020,6382,800,6,pps,FALSE,FALSE,16,5,6,0.06,1.3,96,96,96,90,10,NA,8.98
NW,NG021,Katsina,NG021021,Katsina,idp,idp_NG021021,10522,1430,4,pps,FALSE,FALSE,16,3,6,0.06,1.3,96,96,96,90,10,NA,9.25
NW,NG021,Katsina,NG021022,Kurfi,idp,idp_NG021022,5117,728,6,pps,FALSE,FALSE,16,6,6,0.06,1.3,96,96,96,90,10,NA,8.92
NW,NG021,Katsina,NG021023,Kusada,idp,idp_NG021023,1383,215,5,pps,FALSE,FALSE,13,5,6,0.06,1.3,78,78,78,90,10,NA,8.5
NW,NG021,Katsina,NG021025,Malumfashi,idp,idp_NG021025,9280,1269,9,pps,FALSE,FALSE,16,8,6,0.06,1.3,96,96,96,90,10,NA,9.2
NW,NG021,Katsina,NG021026,Mani,idp,idp_NG021026,2031,288,8,pps,FALSE,FALSE,14,6,6,0.06,1.3,84,84,84,90,10,NA,8.63
NW,NG021,Katsina,NG021027,Mashi,idp,idp_NG021027,364,52,3,pps,FALSE,FALSE,7,3,6,0.06,1.3,42,42,42,90,10,NA,6.41
NW,NG021,Katsina,NG021028,Matazu,idp,idp_NG021028,3081,418,5,pps,FALSE,FALSE,15,5,6,0.06,1.3,90,90,90,90,10,NA,8.77
NW,NG021,Katsina,NG021029,Musawa,idp,idp_NG021029,7856,1053,10,pps,FALSE,FALSE,16,8,6,0.06,1.3,96,96,96,90,10,NA,9.13
NW,NG021,Katsina,NG021030,Rimi,idp,idp_NG021030,2794,355,6,pps,FALSE,FALSE,14,6,6,0.06,1.3,84,84,84,90,10,NA,8.95
NW,NG021,Katsina,NG021031,Sabuwa,idp,idp_NG021031,2177,305,3,pps,FALSE,FALSE,14,3,6,0.06,1.3,84,84,84,90,10,NA,8.72
NW,NG021,Katsina,NG021032,Safana,idp,idp_NG021032,10804,1534,9,pps,FALSE,FALSE,16,7,6,0.06,1.3,96,96,96,90,10,NA,9.27
NW,NG022,Kebbi,NG022010,Gwandu,idp,idp_NG022010,108,21,1,certainty,TRUE,TRUE,1,0,6,0.06,1.3,21,0,0,90,NA,33.15,NA
NC,NG023,Kogi,NG023008,Igalamela-Odolu,idp,idp_NG023008,744,118,2,pps,FALSE,FALSE,10,2,6,0.06,1.3,60,60,60,90,10,NA,8.52
NC,NG023,Kogi,NG023011,Kogi,idp,idp_NG023011,519,91,2,pps,FALSE,FALSE,9,2,6,0.06,1.3,54,54,54,90,10,NA,8.18
NC,NG023,Kogi,NG023012,Lokoja,idp,idp_NG023012,369,60,2,pps,FALSE,FALSE,7,2,6,0.06,1.3,42,42,42,90,10,NA,7.99
NC,NG023,Kogi,NG023014,Ofu,idp,idp_NG023014,564,99,2,pps,FALSE,FALSE,9,2,6,0.06,1.3,54,54,54,90,10,NA,8.65
NC,NG023,Kogi,NG023019,Omala,idp,idp_NG023019,478,57,2,pps,FALSE,FALSE,7,2,6,0.06,1.3,42,42,42,90,10,NA,7.49
NC,NG026,Nasarawa,NG026001,Akwanga,idp,idp_NG026001,722,122,8,pps,FALSE,FALSE,10,7,6,0.06,1.3,60,60,60,90,10,NA,8.67
NC,NG026,Nasarawa,NG026002,Awe,idp,idp_NG026002,2342,461,8,pps,FALSE,FALSE,15,7,6,0.06,1.3,90,90,90,90,10,NA,8.88
NC,NG026,Nasarawa,NG026003,Doma,idp,idp_NG026003,4218,856,10,pps,FALSE,FALSE,16,7,6,0.06,1.3,96,96,96,90,10,NA,9.02
NC,NG026,Nasarawa,NG026004,Karu,idp,idp_NG026004,7232,1437,11,pps,FALSE,FALSE,16,9,6,0.06,1.3,96,96,96,90,10,NA,9.25
NC,NG026,Nasarawa,NG026005,Keana,idp,idp_NG026005,2857,609,3,pps,FALSE,FALSE,15,3,6,0.06,1.3,90,90,90,90,10,NA,9.13
NC,NG026,Nasarawa,NG026006,Keffi,idp,idp_NG026006,588,110,4,pps,FALSE,FALSE,10,4,6,0.06,1.3,60,60,60,90,10,NA,8.2
NC,NG026,Nasarawa,NG026007,Kokona,idp,idp_NG026007,592,112,5,pps,FALSE,FALSE,10,4,6,0.06,1.3,60,60,60,90,10,NA,8.29
NC,NG026,Nasarawa,NG026008,Lafia,idp,idp_NG026008,3411,694,17,pps,FALSE,FALSE,16,13,6,0.06,1.3,96,96,96,90,10,NA,8.89
NC,NG026,Nasarawa,NG026009,Nasarawa,idp,idp_NG026009,2370,475,5,pps,FALSE,FALSE,15,4,6,0.06,1.3,90,90,90,90,10,NA,8.91
NC,NG026,Nasarawa,NG026010,Nasarawa-Eggon,idp,idp_NG026010,1365,247,8,pps,FALSE,FALSE,13,4,6,0.06,1.3,78,78,78,90,10,NA,8.8
NC,NG026,Nasarawa,NG026011,Obi,idp,idp_NG026011,1122,209,5,pps,FALSE,FALSE,13,4,6,0.06,1.3,78,78,78,90,10,NA,8.43
NC,NG026,Nasarawa,NG026012,Toto,idp,idp_NG026012,1125,225,2,pps,FALSE,FALSE,13,2,6,0.06,1.3,78,78,78,90,10,NA,8.6
NC,NG026,Nasarawa,NG026013,Wamba,idp,idp_NG026013,858,155,7,pps,FALSE,FALSE,11,7,6,0.06,1.3,66,66,66,90,10,NA,8.77
NC,NG027,Niger,NG027005,Bosso,idp,idp_NG027005,3733,496,5,pps,FALSE,FALSE,15,4,6,0.06,1.3,90,90,90,90,10,NA,8.95
NC,NG027,Niger,NG027006,Chanchaga,idp,idp_NG027006,1838,297,3,pps,FALSE,FALSE,14,3,6,0.06,1.3,84,84,84,90,10,NA,8.68
NC,NG027,Niger,NG027010,Katcha,idp,idp_NG027010,96,16,1,certainty,TRUE,TRUE,1,0,6,0.06,1.3,16,0,0,90,NA,31.26,NA
NC,NG027,Niger,NG027011,Kontagora,idp,idp_NG027011,4031,795,3,pps,FALSE,FALSE,16,3,6,0.06,1.3,96,96,96,90,10,NA,8.98
NC,NG027,Niger,NG027012,Lapai,idp,idp_NG027012,105,21,1,certainty,TRUE,TRUE,1,0,6,0.06,1.3,21,0,0,90,NA,33.15,NA
NC,NG027,Niger,NG027017,Mokwa,idp,idp_NG027017,1600,265,1,pps,FALSE,FALSE,14,1,6,0.06,1.3,84,84,84,90,10,NA,8.47
NC,NG027,Niger,NG027018,Muya,idp,idp_NG027018,3573,744,2,pps,FALSE,FALSE,16,2,6,0.06,1.3,96,96,96,90,10,NA,8.94
NC,NG027,Niger,NG027019,Paikoro,idp,idp_NG027019,447,73,3,pps,FALSE,FALSE,8,3,6,0.06,1.3,48,48,48,90,10,NA,7.98
NC,NG027,Niger,NG027020,Rafi,idp,idp_NG027020,8998,1237,7,pps,FALSE,FALSE,16,7,6,0.06,1.3,96,96,96,90,10,NA,9.2
NC,NG027,Niger,NG027021,Rijau,idp,idp_NG027021,3301,445,8,pps,FALSE,FALSE,15,8,6,0.06,1.3,90,90,90,90,10,NA,8.84
NC,NG027,Niger,NG027022,Shiroro,idp,idp_NG027022,10683,1599,7,pps,FALSE,FALSE,16,7,6,0.06,1.3,96,96,96,90,10,NA,9.28
NC,NG027,Niger,NG027024,Tafa,idp,idp_NG027024,787,132,1,pps,FALSE,FALSE,10,1,6,0.06,1.3,60,60,60,90,10,NA,8.97
NC,NG027,Niger,NG027025,Wushishi,idp,idp_NG027025,6335,1265,5,pps,FALSE,FALSE,16,5,6,0.06,1.3,96,96,96,90,10,NA,9.2
NC,NG032,Plateau,NG032001,Barikin Ladi,idp,idp_NG032001,890,150,5,pps,FALSE,FALSE,11,4,6,0.06,1.3,66,66,66,90,10,NA,8.67
NC,NG032,Plateau,NG032002,Bassa,idp,idp_NG032002,1555,305,4,pps,FALSE,FALSE,14,4,6,0.06,1.3,84,84,84,90,10,NA,8.72
NC,NG032,Plateau,NG032003,Bokkos,idp,idp_NG032003,3041,557,3,pps,FALSE,FALSE,15,3,6,0.06,1.3,90,90,90,90,10,NA,9.06
NC,NG032,Plateau,NG032004,Jos East,idp,idp_NG032004,235,55,2,pps,FALSE,FALSE,7,2,6,0.06,1.3,42,42,42,90,10,NA,7.1
NC,NG032,Plateau,NG032005,Jos North,idp,idp_NG032005,6619,1299,5,pps,FALSE,FALSE,16,4,6,0.06,1.3,96,96,96,90,10,NA,9.21
NC,NG032,Plateau,NG032006,Jos South,idp,idp_NG032006,1280,216,5,pps,FALSE,FALSE,13,5,6,0.06,1.3,78,78,78,90,10,NA,8.51
NC,NG032,Plateau,NG032007,Kanam,idp,idp_NG032007,497,60,5,pps,FALSE,FALSE,7,4,6,0.06,1.3,42,42,42,90,10,NA,7.99
NC,NG032,Plateau,NG032008,Kanke,idp,idp_NG032008,2342,340,10,pps,FALSE,FALSE,14,7,6,0.06,1.3,84,84,84,90,10,NA,8.89
NC,NG032,Plateau,NG032009,Langtang North,idp,idp_NG032009,481,123,4,pps,FALSE,FALSE,10,4,6,0.06,1.3,60,60,60,90,10,NA,8.7
NC,NG032,Plateau,NG032010,Langtang South,idp,idp_NG032010,1521,241,9,pps,FALSE,FALSE,13,8,6,0.06,1.3,78,78,78,90,10,NA,8.75
NC,NG032,Plateau,NG032011,Mangu,idp,idp_NG032011,11830,2343,13,pps,FALSE,FALSE,17,6,6,0.06,1.3,102,102,102,90,10,NA,9.08
NC,NG032,Plateau,NG032012,Mikang,idp,idp_NG032012,836,136,7,pps,FALSE,FALSE,10,7,6,0.06,1.3,60,60,60,90,10,NA,9.08
NC,NG032,Plateau,NG032013,Pankshin,idp,idp_NG032013,287,37,3,pps,FALSE,FALSE,6,3,6,0.06,1.3,36,36,36,90,10,NA,2.6
NC,NG032,Plateau,NG032014,Qua'an Pan,idp,idp_NG032014,4170,470,5,pps,FALSE,FALSE,15,5,6,0.06,1.3,90,90,90,90,10,NA,8.9
NC,NG032,Plateau,NG032015,Riyom,idp,idp_NG032015,6440,1215,9,pps,FALSE,FALSE,16,6,6,0.06,1.3,96,96,96,90,10,NA,9.19
NC,NG032,Plateau,NG032016,Shendam,idp,idp_NG032016,1726,291,7,pps,FALSE,FALSE,14,6,6,0.06,1.3,84,84,84,90,10,NA,8.64
NC,NG032,Plateau,NG032017,Wase,idp,idp_NG032017,490,117,2,pps,FALSE,FALSE,10,2,6,0.06,1.3,60,60,60,90,10,NA,8.49
NW,NG034,Sokoto,NG034001,Binji,idp,idp_NG034001,619,161,2,pps,FALSE,FALSE,11,2,6,0.06,1.3,66,66,66,90,10,NA,8.89
NW,NG034,Sokoto,NG034002,Bodinga,idp,idp_NG034002,1990,326,4,pps,FALSE,FALSE,14,4,6,0.06,1.3,84,84,84,90,10,NA,8.83
NW,NG034,Sokoto,NG034003,Dange-Shuni,idp,idp_NG034003,4615,896,2,pps,FALSE,FALSE,16,2,6,0.06,1.3,96,96,96,90,10,NA,9.05
NW,NG034,Sokoto,NG034004,Gada,idp,idp_NG034004,1014,183,3,pps,FALSE,FALSE,11,2,6,0.06,1.3,66,66,66,90,10,NA,9.25
NW,NG034,Sokoto,NG034005,Gwadabawa,idp,idp_NG034005,3147,534,4,pps,FALSE,FALSE,15,4,6,0.06,1.3,90,90,90,90,10,NA,9.02
NW,NG034,Sokoto,NG034006,Goronyo,idp,idp_NG034006,8406,1856,4,pps,FALSE,FALSE,16,4,6,0.06,1.3,96,96,96,90,10,NA,9.32
NW,NG034,Sokoto,NG034007,Gudu,idp,idp_NG034007,1926,328,1,pps,FALSE,FALSE,14,1,6,0.06,1.3,84,84,84,90,10,NA,8.84
NW,NG034,Sokoto,NG034009,Isa,idp,idp_NG034009,14047,3088,1,pps,FALSE,FALSE,17,1,6,0.06,1.3,102,102,102,90,10,NA,9.13
NW,NG034,Sokoto,NG034010,Kebbe,idp,idp_NG034010,1039,185,2,pps,FALSE,FALSE,11,2,6,0.06,1.3,66,66,66,90,10,NA,9.28
NW,NG034,Sokoto,NG034011,Kware,idp,idp_NG034011,4252,635,5,pps,FALSE,FALSE,15,5,6,0.06,1.3,90,90,90,90,10,NA,9.16
NW,NG034,Sokoto,NG034012,Rabah,idp,idp_NG034012,8277,1648,6,pps,FALSE,FALSE,16,4,6,0.06,1.3,96,96,96,90,10,NA,9.29
NW,NG034,Sokoto,NG034013,Sabon Birni,idp,idp_NG034013,2184,436,2,pps,FALSE,FALSE,15,2,6,0.06,1.3,90,90,90,90,10,NA,8.82
NW,NG034,Sokoto,NG034014,Shagari,idp,idp_NG034014,14742,2596,4,pps,FALSE,FALSE,17,3,6,0.06,1.3,102,102,102,90,10,NA,9.1
NW,NG034,Sokoto,NG034015,Silame,idp,idp_NG034015,3386,686,6,pps,FALSE,FALSE,16,4,6,0.06,1.3,96,96,96,90,10,NA,8.88
NW,NG034,Sokoto,NG034016,Sokoto North,idp,idp_NG034016,3369,807,3,pps,FALSE,FALSE,16,3,6,0.06,1.3,96,96,96,90,10,NA,8.99
NW,NG034,Sokoto,NG034017,Sokoto South,idp,idp_NG034017,3674,644,3,pps,FALSE,FALSE,15,3,6,0.06,1.3,90,90,90,90,10,NA,9.17
NW,NG034,Sokoto,NG034018,Tambuwal,idp,idp_NG034018,17143,2518,9,pps,FALSE,FALSE,17,8,6,0.06,1.3,102,102,102,90,10,NA,9.1
NW,NG034,Sokoto,NG034019,Tangaza,idp,idp_NG034019,19151,3001,4,pps,FALSE,FALSE,17,4,6,0.06,1.3,102,102,102,90,10,NA,9.13
NW,NG034,Sokoto,NG034020,Tureta,idp,idp_NG034020,7179,1055,4,pps,FALSE,FALSE,16,4,6,0.06,1.3,96,96,96,90,10,NA,9.13
NW,NG034,Sokoto,NG034021,Wamako,idp,idp_NG034021,3743,625,5,pps,FALSE,FALSE,15,5,6,0.06,1.3,90,90,90,90,10,NA,9.15
NW,NG034,Sokoto,NG034022,Wurno,idp,idp_NG034022,2128,332,3,pps,FALSE,FALSE,14,3,6,0.06,1.3,84,84,84,90,10,NA,8.86
NE,NG036,Yobe,NG036001,Bade,idp,idp_NG036001,25096,3846,8,pps,FALSE,FALSE,17,5,6,0.06,1.3,102,102,102,90,10,NA,9.16
NE,NG036,Yobe,NG036002,Bursari,idp,idp_NG036002,5129,823,7,pps,FALSE,FALSE,16,7,6,0.06,1.3,96,96,96,90,10,NA,9
NE,NG036,Yobe,NG036003,Damaturu,idp,idp_NG036003,22585,3891,17,pps,FALSE,FALSE,17,10,6,0.06,1.3,102,102,102,90,10,NA,9.16
NE,NG036,Yobe,NG036004,Fika,idp,idp_NG036004,2932,472,6,pps,FALSE,FALSE,15,6,6,0.06,1.3,90,90,90,90,10,NA,8.9
NE,NG036,Yobe,NG036005,Fune,idp,idp_NG036005,4674,745,12,pps,FALSE,FALSE,16,5,6,0.06,1.3,96,96,96,90,10,NA,8.94
NE,NG036,Yobe,NG036006,Geidam,idp,idp_NG036006,14432,2221,6,pps,FALSE,FALSE,17,4,6,0.06,1.3,102,102,102,90,10,NA,9.07
NE,NG036,Yobe,NG036007,Gujba,idp,idp_NG036007,48826,7046,13,pps,FALSE,FALSE,17,9,6,0.06,1.3,102,102,102,90,10,NA,9.22
NE,NG036,Yobe,NG036008,Gulani,idp,idp_NG036008,2297,356,8,pps,FALSE,FALSE,14,8,6,0.06,1.3,84,84,84,90,10,NA,8.96
NE,NG036,Yobe,NG036009,Jakusko,idp,idp_NG036009,2820,461,14,pps,FALSE,FALSE,15,12,6,0.06,1.3,90,90,90,90,10,NA,8.88
NE,NG036,Yobe,NG036010,Karasuwa,idp,idp_NG036010,4670,842,8,pps,FALSE,FALSE,16,6,6,0.06,1.3,96,96,96,90,10,NA,9.01
NE,NG036,Yobe,NG036011,Machina,idp,idp_NG036011,403,123,1,pps,FALSE,FALSE,10,1,6,0.06,1.3,60,60,60,90,10,NA,8.7
NE,NG036,Yobe,NG036012,Nangere,idp,idp_NG036012,3110,486,7,pps,FALSE,FALSE,15,6,6,0.06,1.3,90,90,90,90,10,NA,8.93
NE,NG036,Yobe,NG036013,Nguru,idp,idp_NG036013,6392,938,7,pps,FALSE,FALSE,16,4,6,0.06,1.3,96,96,96,90,10,NA,9.07
NE,NG036,Yobe,NG036014,Potiskum,idp,idp_NG036014,8340,1270,6,pps,FALSE,FALSE,16,5,6,0.06,1.3,96,96,96,90,10,NA,9.21
NE,NG036,Yobe,NG036015,Tarmua,idp,idp_NG036015,3961,768,5,pps,FALSE,FALSE,16,5,6,0.06,1.3,96,96,96,90,10,NA,8.96
NE,NG036,Yobe,NG036016,Yunusari,idp,idp_NG036016,1649,244,8,pps,FALSE,FALSE,13,7,6,0.06,1.3,78,78,78,90,10,NA,8.78
NE,NG036,Yobe,NG036017,Yusufari,idp,idp_NG036017,1996,405,8,pps,FALSE,FALSE,15,7,6,0.06,1.3,90,90,90,90,10,NA,8.73
NW,NG037,Zamfara,NG037001,Anka,idp,idp_NG037001,48546,5067,4,pps,FALSE,FALSE,17,4,6,0.06,1.3,102,102,102,90,10,NA,9.19
NW,NG037,Zamfara,NG037002,Bakura,idp,idp_NG037002,9196,1793,6,pps,FALSE,FALSE,16,6,6,0.06,1.3,96,96,96,90,10,NA,9.31
NW,NG037,Zamfara,NG037003,Birnin Magaji,idp,idp_NG037003,10936,2149,5,pps,FALSE,FALSE,17,5,6,0.06,1.3,102,102,102,90,10,NA,9.06
NW,NG037,Zamfara,NG037004,Bukkuyum,idp,idp_NG037004,21013,2849,10,pps,FALSE,FALSE,17,8,6,0.06,1.3,102,102,102,90,10,NA,9.12
NW,NG037,Zamfara,NG037005,Bungudu,idp,idp_NG037005,7629,1487,5,pps,FALSE,FALSE,16,5,6,0.06,1.3,96,96,96,90,10,NA,9.26
NW,NG037,Zamfara,NG037006,Gummi,idp,idp_NG037006,16839,2810,5,pps,FALSE,FALSE,17,3,6,0.06,1.3,102,102,102,90,10,NA,9.12
NW,NG037,Zamfara,NG037007,Gusau,idp,idp_NG037007,70399,13101,14,pps,FALSE,FALSE,17,11,6,0.06,1.3,102,102,102,90,10,NA,9.25
NW,NG037,Zamfara,NG037008,Kaura Namoda,idp,idp_NG037008,16639,2968,8,pps,FALSE,FALSE,17,8,6,0.06,1.3,102,102,102,90,10,NA,9.13
NW,NG037,Zamfara,NG037009,Maradun,idp,idp_NG037009,6025,1153,5,pps,FALSE,FALSE,16,5,6,0.06,1.3,96,96,96,90,10,NA,9.17
NW,NG037,Zamfara,NG037010,Maru,idp,idp_NG037010,9619,1850,7,pps,FALSE,FALSE,16,7,6,0.06,1.3,96,96,96,90,10,NA,9.32
NW,NG037,Zamfara,NG037011,Shinkafi,idp,idp_NG037011,14139,2720,6,pps,FALSE,FALSE,17,6,6,0.06,1.3,102,102,102,90,10,NA,9.11
NW,NG037,Zamfara,NG037012,Talata Mafara,idp,idp_NG037012,11837,2294,6,pps,FALSE,FALSE,17,6,6,0.06,1.3,102,102,102,90,10,NA,9.08
NW,NG037,Zamfara,NG037013,Tsafe,idp,idp_NG037013,5240,849,4,pps,FALSE,FALSE,16,4,6,0.06,1.3,96,96,96,90,10,NA,9.02
NW,NG037,Zamfara,NG037014,Zurmi,idp,idp_NG037014,17630,3375,4,pps,FALSE,FALSE,17,3,6,0.06,1.3,102,102,102,90,10,NA,9.14
