region,adm1_pcode,adm1_name,adm2_pcode,adm2_name,pop_type,strata_id,n_pop,N_hh,n_hex,selection_type,certainty_stratum,excluded_infeasible,clusters_target_stage1,achieved_clusters,m_used,ICC,DEFF,expected_households_stage1,target_sample,achieved_sample,confidence_level_pct,target_moe_pct,projected_moe_pct,realized_moe_pct,coverage_status,exclusion_reason
NE,NG002,Adamawa,NG002001,Demsa,non_idp,non_idp_NG002001,167331.38335990906,27888.563893318176,112,pps,FALSE,FALSE,17,14,6,0.06,1.3,102,102,102,90,10,NA,9.27,covered,none
NE,NG002,Adamawa,NG002002,Fufore,non_idp,non_idp_NG002002,307659.37115097046,51276.56185849508,285,pps,FALSE,FALSE,17,17,6,0.06,1.3,102,102,102,90,10,NA,9.28,covered,none
NE,NG002,Adamawa,NG002003,Ganye,non_idp,non_idp_NG002003,281549.2809085846,46924.88015143076,128,pps,FALSE,FALSE,17,14,6,0.06,1.3,102,102,102,90,10,NA,9.27,covered,none
NE,NG002,Adamawa,NG002004,Gombi,non_idp,non_idp_NG002004,474809.9642829895,79134.99404716492,145,pps,FALSE,FALSE,17,15,6,0.06,1.3,102,102,102,90,10,NA,9.28,covered,none
NE,NG002,Adamawa,NG002005,Girei,non_idp,non_idp_NG002005,233549.8871574402,38924.9811929067,82,pps,FALSE,FALSE,17,12,6,0.06,1.3,102,102,102,90,10,NA,9.27,covered,none
NE,NG002,Adamawa,NG002006,Guyuk,non_idp,non_idp_NG002006,292051.59965133667,48675.266608556114,51,pps,FALSE,FALSE,17,14,6,0.06,1.3,102,102,102,90,10,NA,9.28,covered,none
NE,NG002,Adamawa,NG002007,Hong,non_idp,non_idp_NG002007,172829.03631591797,28804.839385986328,175,pps,FALSE,FALSE,17,17,6,0.06,1.3,102,102,102,90,10,NA,9.27,covered,none
NE,NG002,Adamawa,NG002008,Jada,non_idp,non_idp_NG002008,286402.0970840454,47733.682847340904,152,pps,FALSE,FALSE,17,17,6,0.06,1.3,102,102,102,90,10,NA,9.27,covered,none
NE,NG002,Adamawa,NG002009,Lamurde,non_idp,non_idp_NG002009,125050.096118927,20841.682686487835,77,pps,FALSE,FALSE,17,14,6,0.06,1.3,102,102,102,90,10,NA,9.26,covered,none
NE,NG002,Adamawa,NG002010,Madagali,non_idp,non_idp_NG002010,230544.9935913086,38424.16559855143,52,pps,FALSE,FALSE,17,15,6,0.06,1.3,102,102,102,90,10,NA,9.27,covered,none
NE,NG002,Adamawa,NG002011,Maiha,non_idp,non_idp_NG002011,100284.38202667236,16714.06367111206,73,pps,FALSE,FALSE,17,16,6,0.06,1.3,102,102,102,90,10,NA,9.26,covered,none
NE,NG002,Adamawa,NG002012,Mayo-Belwa,non_idp,non_idp_NG002012,175781.2287979126,29296.871466318767,153,pps,FALSE,FALSE,17,16,6,0.06,1.3,102,102,102,90,10,NA,9.27,covered,none
NE,NG002,Adamawa,NG002013,Michika,non_idp,non_idp_NG002013,202117.11120986938,33686.1852016449,54,pps,FALSE,FALSE,17,13,6,0.06,1.3,102,102,102,90,10,NA,9.27,covered,none
NE,NG002,Adamawa,NG002014,Mubi North,non_idp,non_idp_NG002014,171837.1838760376,28639.530646006267,47,pps,FALSE,FALSE,17,12,6,0.06,1.3,102,102,102,90,10,NA,9.27,covered,none
NE,NG002,Adamawa,NG002015,Mubi South,non_idp,non_idp_NG002015,190542.81622314453,31757.136037190754,33,pps,FALSE,FALSE,17,12,6,0.06,1.3,102,102,102,90,10,NA,9.27,covered,none
NE,NG002,Adamawa,NG002016,Numan,non_idp,non_idp_NG002016,141861.62845611572,23643.604742685955,60,pps,FALSE,FALSE,17,10,6,0.06,1.3,102,102,102,90,10,NA,9.26,covered,none
NE,NG002,Adamawa,NG002017,Shelleng,non_idp,non_idp_NG002017,445850.8656578064,74308.4776096344,84,pps,FALSE,FALSE,17,15,6,0.06,1.3,102,102,102,90,10,NA,9.28,covered,none
NE,NG002,Adamawa,NG002018,Song,non_idp,non_idp_NG002018,390225.2474861145,65037.54124768575,257,pps,FALSE,FALSE,17,16,6,0.06,1.3,102,102,102,90,10,NA,9.28,covered,none
NE,NG002,Adamawa,NG002019,Toungo,non_idp,non_idp_NG002019,85318.47484970093,14219.745808283487,149,pps,FALSE,FALSE,17,14,6,0.06,1.3,102,102,102,90,10,NA,9.25,covered,none
NE,NG002,Adamawa,NG002020,Yola North,non_idp,non_idp_NG002020,411500.5311508179,68583.42185846965,9,pps,FALSE,FALSE,17,5,6,0.06,1.3,102,102,102,90,10,NA,9.28,covered,none
NE,NG002,Adamawa,NG002021,Yola South,non_idp,non_idp_NG002021,471590.6862640381,78598.44771067302,73,pps,FALSE,FALSE,17,12,6,0.06,1.3,102,102,102,90,10,NA,9.28,covered,none
NC,NG007,Benue,NG007002,Agatu,non_idp,non_idp_NG007002,67293.50702667236,11215.584504445394,61,pps,FALSE,FALSE,17,16,6,0.06,1.3,102,102,103,90,10,NA,9.2,covered,none
NC,NG007,Benue,NG007006,Guma,non_idp,non_idp_NG007006,212733.10863685608,35455.51810614268,182,pps,FALSE,FALSE,17,17,6,0.06,1.3,102,102,102,90,10,NA,9.27,covered,none
NC,NG007,Benue,NG007008,Gwer West,non_idp,non_idp_NG007008,94482.75724029541,15747.126206715902,90,pps,FALSE,FALSE,17,12,6,0.06,1.3,102,102,102,90,10,NA,9.25,covered,none
NC,NG007,Benue,NG007011,Kwande,non_idp,non_idp_NG007011,415075.5465621948,69179.2577603658,147,pps,FALSE,FALSE,17,17,6,0.06,1.3,102,102,102,90,10,NA,9.28,covered,none
NC,NG007,Benue,NG007012,Logo,non_idp,non_idp_NG007012,265414.4652366638,44235.744206110634,109,pps,FALSE,FALSE,17,16,6,0.06,1.3,102,102,102,90,10,NA,9.27,covered,none
NC,NG007,Benue,NG007013,Makurdi,non_idp,non_idp_NG007013,701171.9565620422,116861.99276034038,57,pps,FALSE,FALSE,17,13,6,0.06,1.3,102,102,102,90,10,NA,9.28,covered,none
NE,NG008,Borno,NG008001,Abadam,non_idp,non_idp_NG008001,48195.05686569214,8032.509477615356,91,pps,FALSE,FALSE,17,19,6,0.06,1.3,102,102,105,90,10,NA,9.09,covered,none
NE,NG008,Borno,NG008002,Askira/Uba,non_idp,non_idp_NG008002,133560.9821472168,22260.1636912028,148,pps,FALSE,FALSE,17,14,6,0.06,1.3,102,102,102,90,10,NA,9.26,covered,none
NE,NG008,Borno,NG008003,Bama,non_idp,non_idp_NG008003,315418.78089904785,52569.79681650797,249,pps,FALSE,FALSE,17,14,6,0.06,1.3,102,102,106,90,10,NA,9.1,covered,none
NE,NG008,Borno,NG008004,Bayo,non_idp,non_idp_NG008004,118016.37986755371,19669.396644592285,71,pps,FALSE,FALSE,17,17,6,0.06,1.3,102,102,102,90,10,NA,9.26,covered,none
NE,NG008,Borno,NG008005,Biu,non_idp,non_idp_NG008005,290008.7265777588,48334.7877629598,195,pps,FALSE,FALSE,17,14,6,0.06,1.3,102,102,106,90,10,NA,9.1,covered,none
NE,NG008,Borno,NG008006,Chibok,non_idp,non_idp_NG008006,161582.26644706726,26930.377741177876,92,pps,FALSE,FALSE,17,16,6,0.06,1.3,102,102,107,90,10,NA,9.05,covered,none
NE,NG008,Borno,NG008007,Damboa,non_idp,non_idp_NG008007,219812.11930274963,36635.35321712494,246,pps,FALSE,FALSE,17,13,6,0.06,1.3,102,102,102,90,10,NA,9.27,covered,none
NE,NG008,Borno,NG008008,Dikwa,non_idp,non_idp_NG008008,135424.10023498535,22570.68337249756,117,pps,FALSE,FALSE,17,14,6,0.06,1.3,102,102,106,90,10,NA,9.09,covered,none
NE,NG008,Borno,NG008009,Gubio,non_idp,non_idp_NG008009,323433.2787246704,53905.54645411173,179,pps,FALSE,FALSE,17,17,6,0.06,1.3,102,102,102,90,10,NA,9.28,covered,none
NE,NG008,Borno,NG008010,Guzamala,non_idp,non_idp_NG008010,225165.82279586792,37527.63713264465,175,pps,FALSE,FALSE,17,18,6,0.06,1.3,102,102,104,90,10,NA,9.18,covered,none
NE,NG008,Borno,NG008011,Gwoza,non_idp,non_idp_NG008011,270687.35218811035,45114.558698018394,115,pps,FALSE,FALSE,17,12,6,0.06,1.3,102,102,103,90,10,NA,9.23,covered,none
NE,NG008,Borno,NG008012,Hawul,non_idp,non_idp_NG008012,216236.26539611816,36039.37756601969,138,pps,FALSE,FALSE,17,16,6,0.06,1.3,102,102,102,90,10,NA,9.27,covered,none
NE,NG008,Borno,NG008013,Jere,non_idp,non_idp_NG008013,1119531.816045761,186588.63600762686,70,pps,FALSE,FALSE,17,10,6,0.06,1.3,102,102,102,90,10,NA,9.28,covered,none
NE,NG008,Borno,NG008014,Kaga,non_idp,non_idp_NG008014,145622.51853179932,24270.419755299885,156,pps,FALSE,FALSE,17,18,6,0.06,1.3,102,102,102,90,10,NA,9.27,covered,none
NE,NG008,Borno,NG008015,Kala/Balge,non_idp,non_idp_NG008015,45646.65709686279,7607.776182810466,74,pps,FALSE,FALSE,17,19,6,0.06,1.3,102,102,104,90,10,NA,9.13,covered,none
NE,NG008,Borno,NG008016,Konduga,non_idp,non_idp_NG008016,319246.06648254395,53207.67774709066,322,pps,FALSE,FALSE,17,15,6,0.06,1.3,102,102,105,90,10,NA,9.14,covered,none
NE,NG008,Borno,NG008017,Kukawa,non_idp,non_idp_NG008017,231025.08765792847,38504.18127632141,193,pps,FALSE,FALSE,17,12,6,0.06,1.3,102,102,102,90,10,NA,9.27,covered,none
NE,NG008,Borno,NG008018,Kwaya Kusar,non_idp,non_idp_NG008018,126387.11776733398,21064.519627888996,59,pps,FALSE,FALSE,17,15,6,0.06,1.3,102,102,102,90,10,NA,9.26,covered,none
NE,NG008,Borno,NG008019,Mafa,non_idp,non_idp_NG008019,74375.48795890808,12395.914659818014,141,pps,FALSE,FALSE,17,20,6,0.06,1.3,102,102,107,90,10,NA,9.03,covered,none
NE,NG008,Borno,NG008020,Magumeri,non_idp,non_idp_NG008020,346925.44622802734,57820.90770467123,302,pps,FALSE,FALSE,17,17,6,0.06,1.3,102,102,102,90,10,NA,9.28,covered,none
NE,NG008,Borno,NG008021,Maiduguri,non_idp,non_idp_NG008021,1796737.5993652344,299456.2665608724,15,pps,FALSE,FALSE,17,9,6,0.06,1.3,102,102,102,90,10,NA,9.28,covered,none
NE,NG008,Borno,NG008023,Mobbar,non_idp,non_idp_NG008023,147052.88337898254,24508.81389649709,102,pps,FALSE,FALSE,17,17,6,0.06,1.3,102,102,102,90,10,NA,9.27,covered,none
NE,NG008,Borno,NG008024,Monguno,non_idp,non_idp_NG008024,205049.8247871399,34174.97079785665,117,pps,FALSE,FALSE,17,12,6,0.06,1.3,102,102,104,90,10,NA,9.18,covered,none
NE,NG008,Borno,NG008025,Ngala,non_idp,non_idp_NG008025,45467.43813705444,7577.90635617574,62,pps,FALSE,FALSE,17,17,6,0.06,1.3,102,102,102,90,10,NA,9.22,covered,none
NE,NG008,Borno,NG008026,Nganzai,non_idp,non_idp_NG008026,204562.61185073853,34093.76864178976,159,pps,FALSE,FALSE,17,18,6,0.06,1.3,102,102,104,90,10,NA,9.18,covered,none
NE,NG008,Borno,NG008027,Shani,non_idp,non_idp_NG008027,196936.64055633545,32822.77342605591,86,pps,FALSE,FALSE,17,15,6,0.06,1.3,102,102,102,90,10,NA,9.27,covered,none
NW,NG019,Kaduna,NG019007,Jema'a,non_idp,non_idp_NG019007,312479.9677658081,52079.99462763468,101,pps,FALSE,FALSE,17,14,6,0.06,1.3,102,102,102,90,10,NA,9.28,covered,none
NW,NG019,Kaduna,NG019023,Zaria,non_idp,non_idp_NG019023,646389.6385593414,107731.6064265569,33,pps,FALSE,FALSE,17,8,6,0.06,1.3,102,102,102,90,10,NA,9.28,covered,none
NW,NG021,Katsina,NG021001,Bakori,non_idp,non_idp_NG021001,231837.17682266235,38639.529470443726,53,pps,FALSE,FALSE,17,15,6,0.06,1.3,102,102,102,90,10,NA,9.27,covered,none
NW,NG021,Katsina,NG021002,Batagarawa,non_idp,non_idp_NG021002,299857.46466064453,49976.24411010742,43,pps,FALSE,FALSE,17,13,6,0.06,1.3,102,102,102,90,10,NA,9.28,covered,none
NW,NG021,Katsina,NG021003,Batsari,non_idp,non_idp_NG021003,237403.36112976074,39567.22685496012,61,pps,FALSE,FALSE,17,15,6,0.06,1.3,102,102,102,90,10,NA,9.27,covered,none
NW,NG021,Katsina,NG021004,Baure,non_idp,non_idp_NG021004,43627.077209472656,7271.179534912109,15,pps,FALSE,FALSE,17,10,6,0.06,1.3,102,102,102,90,10,NA,9.22,covered,none
NW,NG021,Katsina,NG021005,Bindawa,non_idp,non_idp_NG021005,205899.23796081543,34316.5396601359,41,pps,FALSE,FALSE,17,15,6,0.06,1.3,102,102,102,90,10,NA,9.27,covered,none
NW,NG021,Katsina,NG021006,Charanchi,non_idp,non_idp_NG021006,221895.2792816162,36982.546546936035,42,pps,FALSE,FALSE,17,15,6,0.06,1.3,102,102,102,90,10,NA,9.27,covered,none
NW,NG021,Katsina,NG021007,Dan Musa,non_idp,non_idp_NG021007,169247.14657592773,28207.85776265462,55,pps,FALSE,FALSE,17,16,6,0.06,1.3,102,102,102,90,10,NA,9.27,covered,none
NW,NG021,Katsina,NG021008,Dandume,non_idp,non_idp_NG021008,234716.06490707397,39119.34415117899,38,pps,FALSE,FALSE,17,11,6,0.06,1.3,102,102,102,90,10,NA,9.27,covered,none
NW,NG021,Katsina,NG021009,Danja,non_idp,non_idp_NG021009,157020.44081115723,26170.073468526203,41,pps,FALSE,FALSE,17,17,6,0.06,1.3,102,102,102,90,10,NA,9.27,covered,none
NW,NG021,Katsina,NG021010,Daura,non_idp,non_idp_NG021010,47567.372467041016,7927.895411173503,10,pps,FALSE,FALSE,17,8,6,0.06,1.3,102,102,102,90,10,NA,9.23,covered,none
NW,NG021,Katsina,NG021011,Dutsi,non_idp,non_idp_NG021011,210378.75128173828,35063.12521362305,25,pps,FALSE,FALSE,17,16,6,0.06,1.3,102,102,102,90,10,NA,9.27,covered,none
NW,NG021,Katsina,NG021012,Dutsin-Ma,non_idp,non_idp_NG021012,281488.0337295532,46914.67228825887,50,pps,FALSE,FALSE,17,13,6,0.06,1.3,102,102,102,90,10,NA,9.27,covered,none
NW,NG021,Katsina,NG021013,Faskari,non_idp,non_idp_NG021013,330287.731716156,55047.955286026,105,pps,FALSE,FALSE,17,17,6,0.06,1.3,102,102,102,90,10,NA,9.28,covered,none
NW,NG021,Katsina,NG021014,Funtua,non_idp,non_idp_NG021014,307008.9299354553,51168.154989242554,38,pps,FALSE,FALSE,17,10,6,0.06,1.3,102,102,102,90,10,NA,9.28,covered,none
NW,NG021,Katsina,NG021015,Ingawa,non_idp,non_idp_NG021015,282978.1454925537,47163.02424875895,59,pps,FALSE,FALSE,17,17,6,0.06,1.3,102,102,102,90,10,NA,9.27,covered,none
NW,NG021,Katsina,NG021016,Jibia,non_idp,non_idp_NG021016,8885.858135223389,1480.9763558705647,12,pps,FALSE,FALSE,16,8,6,0.06,1.3,96,96,96,90,10,NA,9.26,covered,none
NW,NG021,Katsina,NG021017,Kafur,non_idp,non_idp_NG021017,304676.0131492615,50779.335524876915,75,pps,FALSE,FALSE,17,17,6,0.06,1.3,102,102,102,90,10,NA,9.28,covered,none
NW,NG021,Katsina,NG021018,Kaita,non_idp,non_idp_NG021018,78802.30792999268,13133.717988332111,17,pps,FALSE,FALSE,17,10,6,0.06,1.3,102,102,102,90,10,NA,9.25,covered,none
NW,NG021,Katsina,NG021019,Kankara,non_idp,non_idp_NG021019,366127.55994033813,61021.25999005636,94,pps,FALSE,FALSE,17,16,6,0.06,1.3,102,102,102,90,10,NA,9.28,covered,none
NW,NG021,Katsina,NG021020,Kankia,non_idp,non_idp_NG021020,213225.14179611206,35537.52363268534,59,pps,FALSE,FALSE,17,15,6,0.06,1.3,102,102,102,90,10,NA,9.27,covered,none
NW,NG021,Katsina,NG021021,Katsina,non_idp,non_idp_NG021021,545534.1813354492,90922.3635559082,11,pps,FALSE,FALSE,17,6,6,0.06,1.3,102,102,102,90,10,NA,9.28,covered,none
NW,NG021,Katsina,NG021022,Kurfi,non_idp,non_idp_NG021022,186299.74063110352,31049.956771850586,49,pps,FALSE,FALSE,17,17,6,0.06,1.3,102,102,102,90,10,NA,9.27,covered,none
NW,NG021,Katsina,NG021023,Kusada,non_idp,non_idp_NG021023,155970.52949523926,25995.088249206543,37,pps,FALSE,FALSE,17,16,6,0.06,1.3,102,102,102,90,10,NA,9.27,covered,none
NW,NG021,Katsina,NG021024,Mai'adua,non_idp,non_idp_NG021024,11456.313873291016,1909.3856455485027,6,pps,FALSE,FALSE,17,5,6,0.06,1.3,102,102,102,90,10,NA,9.04,covered,none
NW,NG021,Katsina,NG021025,Malumfashi,non_idp,non_idp_NG021025,275748.4457702637,45958.074295043945,63,pps,FALSE,FALSE,17,14,6,0.06,1.3,102,102,102,90,10,NA,9.27,covered,none
NW,NG021,Katsina,NG021026,Mani,non_idp,non_idp_NG021026,231517.93840026855,38586.323066711426,54,pps,FALSE,FALSE,17,16,6,0.06,1.3,102,102,102,90,10,NA,9.27,covered,none
NW,NG021,Katsina,NG021027,Mashi,non_idp,non_idp_NG021027,166056.57080841064,27676.095134735107,37,pps,FALSE,FALSE,17,14,6,0.06,1.3,102,102,102,90,10,NA,9.27,covered,none
NW,NG021,Katsina,NG021028,Matazu,non_idp,non_idp_NG021028,179121.65754699707,29853.60959116618,42,pps,FALSE,FALSE,17,16,6,0.06,1.3,102,102,102,90,10,NA,9.27,covered,none
NW,NG021,Katsina,NG021029,Musawa,non_idp,non_idp_NG021029,316237.9446105957,52706.32410176595,62,pps,FALSE,FALSE,17,17,6,0.06,1.3,102,102,102,90,10,NA,9.28,covered,none
NW,NG021,Katsina,NG021030,Rimi,non_idp,non_idp_NG021030,232248.69638824463,38708.116064707436,45,pps,FALSE,FALSE,17,16,6,0.06,1.3,102,102,102,90,10,NA,9.27,covered,none
NW,NG021,Katsina,NG021031,Sabuwa,non_idp,non_idp_NG021031,254997.89064788818,42499.6484413147,50,pps,FALSE,FALSE,17,15,6,0.06,1.3,102,102,102,90,10,NA,9.27,covered,none
NW,NG021,Katsina,NG021032,Safana,non_idp,non_idp_NG021032,271703.3266220093,45283.88777033488,87,pps,FALSE,FALSE,17,17,6,0.06,1.3,102,102,102,90,10,NA,9.27,covered,none
NW,NG021,Katsina,NG021033,Sandamu,non_idp,non_idp_NG021033,90634.63568115234,15105.77261352539,18,pps,FALSE,FALSE,17,12,6,0.06,1.3,102,102,102,90,10,NA,9.25,covered,none
NW,NG021,Katsina,NG021034,Zango,non_idp,non_idp_NG021034,9331.475700378418,1555.2459500630698,5,pps,FALSE,FALSE,16,4,6,0.06,1.3,96,96,96,90,10,NA,9.27,covered,none
NW,NG022,Kebbi,NG022001,Aleiro,non_idp,non_idp_NG022001,117077.32178497314,19512.886964162193,25,pps,FALSE,FALSE,17,9,6,0.06,1.3,102,102,102,90,10,NA,9.26,covered,none
NW,NG022,Kebbi,NG022002,Arewa-Dandi,non_idp,non_idp_NG022002,60647.2138710022,10107.868978500366,79,pps,FALSE,FALSE,17,16,6,0.06,1.3,102,102,102,90,10,NA,9.24,covered,none
NW,NG022,Kebbi,NG022003,Argungu,non_idp,non_idp_NG022003,250058.90236663818,41676.48372777303,68,pps,FALSE,FALSE,17,12,6,0.06,1.3,102,102,102,90,10,NA,9.27,covered,none
NW,NG022,Kebbi,NG022004,Augie,non_idp,non_idp_NG022004,93895.49839019775,15649.249731699625,71,pps,FALSE,FALSE,17,16,6,0.06,1.3,102,102,102,90,10,NA,9.25,covered,none
NW,NG022,Kebbi,NG022005,Bagudo,non_idp,non_idp_NG022005,314543.2609767914,52423.87682946523,236,pps,FALSE,FALSE,17,16,6,0.06,1.3,102,102,102,90,10,NA,9.28,covered,none
NW,NG022,Kebbi,NG022006,Birnin Kebbi,non_idp,non_idp_NG022006,604040.1491966248,100673.35819943745,70,pps,FALSE,FALSE,17,9,6,0.06,1.3,102,102,102,90,10,NA,9.28,covered,none
NW,NG022,Kebbi,NG022007,Bunza,non_idp,non_idp_NG022007,196620.01026916504,32770.001711527504,64,pps,FALSE,FALSE,17,12,6,0.06,1.3,102,102,102,90,10,NA,9.27,covered,none
NW,NG022,Kebbi,NG022008,Dandi,non_idp,non_idp_NG022008,35694.84844207764,5949.1414070129395,45,pps,FALSE,FALSE,17,15,6,0.06,1.3,102,102,102,90,10,NA,9.21,covered,none
NW,NG022,Kebbi,NG022009,Fakai,non_idp,non_idp_NG022009,208391.96883010864,34731.994805018105,143,pps,FALSE,FALSE,17,16,6,0.06,1.3,102,102,102,90,10,NA,9.27,covered,none
NW,NG022,Kebbi,NG022010,Gwandu,non_idp,non_idp_NG022010,177247.8257675171,29541.30429458618,73,pps,FALSE,FALSE,17,16,6,0.06,1.3,102,102,102,90,10,NA,9.27,covered,none
NW,NG022,Kebbi,NG022011,Jega,non_idp,non_idp_NG022011,257889.75555419922,42981.62592569987,66,pps,FALSE,FALSE,17,11,6,0.06,1.3,102,102,102,90,10,NA,9.27,covered,none
NW,NG022,Kebbi,NG022012,Kalgo,non_idp,non_idp_NG022012,106817.31272888184,17802.88545481364,43,pps,FALSE,FALSE,17,13,6,0.06,1.3,102,102,102,90,10,NA,9.26,covered,none
NW,NG022,Kebbi,NG022013,Koko/Besse,non_idp,non_idp_NG022013,220617.5333251953,36769.588887532555,82,pps,FALSE,FALSE,17,13,6,0.06,1.3,102,102,102,90,10,NA,9.27,covered,none
NW,NG022,Kebbi,NG022014,Maiyama,non_idp,non_idp_NG022014,190313.15432739258,31718.85905456543,88,pps,FALSE,FALSE,17,17,6,0.06,1.3,102,102,102,90,10,NA,9.27,covered,none
NW,NG022,Kebbi,NG022015,Ngaski,non_idp,non_idp_NG022015,210541.72271347046,35090.28711891174,140,pps,FALSE,FALSE,17,16,6,0.06,1.3,102,102,102,90,10,NA,9.27,covered,none
NW,NG022,Kebbi,NG022016,Sakaba,non_idp,non_idp_NG022016,170111.28638076782,28351.881063461304,97,pps,FALSE,FALSE,17,17,6,0.06,1.3,102,102,102,90,10,NA,9.27,covered,none
NW,NG022,Kebbi,NG022017,Shanga,non_idp,non_idp_NG022017,246262.006275177,41043.6677125295,165,pps,FALSE,FALSE,17,17,6,0.06,1.3,102,102,102,90,10,NA,9.27,covered,none
NW,NG022,Kebbi,NG022018,Suru,non_idp,non_idp_NG022018,216020.28007125854,36003.38001187643,99,pps,FALSE,FALSE,17,15,6,0.06,1.3,102,102,102,90,10,NA,9.27,covered,none
NW,NG022,Kebbi,NG022019,Wasagu/Danko,non_idp,non_idp_NG022019,520977.7491378784,86829.62485631306,258,pps,FALSE,FALSE,17,17,6,0.06,1.3,102,102,102,90,10,NA,9.28,covered,none
NW,NG022,Kebbi,NG022020,Yauri,non_idp,non_idp_NG022020,91301.93688201904,15216.989480336508,15,pps,FALSE,FALSE,17,6,6,0.06,1.3,102,102,102,90,10,NA,9.25,covered,none
NW,NG022,Kebbi,NG022021,Zuru,non_idp,non_idp_NG022021,313475.44707489014,52245.907845815025,58,pps,FALSE,FALSE,17,13,6,0.06,1.3,102,102,102,90,10,NA,9.28,covered,none
NC,NG026,Nasarawa,NG026001,Akwanga,non_idp,non_idp_NG026001,216097.24271011353,36016.20711835226,64,pps,FALSE,FALSE,17,12,6,0.06,1.3,102,102,102,90,10,NA,9.27,covered,none
NC,NG026,Nasarawa,NG026002,Awe,non_idp,non_idp_NG026002,184505.57892417908,30750.929820696514,163,pps,FALSE,FALSE,17,17,6,0.06,1.3,102,102,102,90,10,NA,9.27,covered,none
NC,NG026,Nasarawa,NG026005,Keana,non_idp,non_idp_NG026005,77168.24851989746,12861.374753316244,79,pps,FALSE,FALSE,17,15,6,0.06,1.3,102,102,102,90,10,NA,9.25,covered,none
NC,NG026,Nasarawa,NG026007,Kokona,non_idp,non_idp_NG026007,215165.6350402832,35860.93917338053,164,pps,FALSE,FALSE,17,17,6,0.06,1.3,102,102,102,90,10,NA,9.27,covered,none
NC,NG026,Nasarawa,NG026008,Lafia,non_idp,non_idp_NG026008,602955.2499828339,100492.54166380565,173,pps,FALSE,FALSE,17,14,6,0.06,1.3,102,102,102,90,10,NA,9.28,covered,none
NC,NG026,Nasarawa,NG026010,Nasarawa-Eggon,non_idp,non_idp_NG026010,187935.30894470215,31322.55149078369,85,pps,FALSE,FALSE,17,14,6,0.06,1.3,102,102,102,90,10,NA,9.27,covered,none
NC,NG026,Nasarawa,NG026011,Obi,non_idp,non_idp_NG026011,151839.22409439087,25306.537349065144,70,pps,FALSE,FALSE,17,17,6,0.06,1.3,102,102,104,90,10,NA,9.18,covered,none
NC,NG032,Plateau,NG032001,Barikin Ladi,non_idp,non_idp_NG032001,393224.3184814453,65537.38641357422,76,pps,FALSE,FALSE,17,16,6,0.06,1.3,102,102,102,90,10,NA,9.28,covered,none
NC,NG032,Plateau,NG032002,Bassa,non_idp,non_idp_NG032002,322917.84101867676,53819.64016977946,115,pps,FALSE,FALSE,17,17,6,0.06,1.3,102,102,102,90,10,NA,9.28,covered,none
NC,NG032,Plateau,NG032003,Bokkos,non_idp,non_idp_NG032003,381707.02362060547,63617.837270100914,112,pps,FALSE,FALSE,17,17,6,0.06,1.3,102,102,102,90,10,NA,9.28,covered,none
NC,NG032,Plateau,NG032011,Mangu,non_idp,non_idp_NG032011,490441.55071258545,81740.25845209758,111,pps,FALSE,FALSE,17,16,6,0.06,1.3,102,102,102,90,10,NA,9.28,covered,none
NC,NG032,Plateau,NG032015,Riyom,non_idp,non_idp_NG032015,263465.5090408325,43910.918173472084,62,pps,FALSE,FALSE,17,16,6,0.06,1.3,102,102,102,90,10,NA,9.27,covered,none
NW,NG034,Sokoto,NG034001,Binji,non_idp,non_idp_NG034001,105715.37819671631,17619.229699452717,51,pps,FALSE,FALSE,17,15,6,0.06,1.3,102,102,102,90,10,NA,9.26,covered,none
NW,NG034,Sokoto,NG034002,Bodinga,non_idp,non_idp_NG034002,305094.0268135071,50849.00446891785,46,pps,FALSE,FALSE,17,17,6,0.06,1.3,102,102,102,90,10,NA,9.28,covered,none
NW,NG034,Sokoto,NG034003,Dange-Shuni,non_idp,non_idp_NG034003,388864.90714645386,64810.81785774231,67,pps,FALSE,FALSE,17,14,6,0.06,1.3,102,102,102,90,10,NA,9.28,covered,none
NW,NG034,Sokoto,NG034004,Gada,non_idp,non_idp_NG034004,70196.59911346436,11699.433185577393,36,pps,FALSE,FALSE,17,15,6,0.06,1.3,102,102,102,90,10,NA,9.24,covered,none
NW,NG034,Sokoto,NG034005,Gwadabawa,non_idp,non_idp_NG034005,279962.9146499634,46660.4857749939,72,pps,FALSE,FALSE,17,16,6,0.06,1.3,102,102,102,90,10,NA,9.27,covered,none
NW,NG034,Sokoto,NG034006,Goronyo,non_idp,non_idp_NG034006,177496.38248062134,29582.73041343689,100,pps,FALSE,FALSE,17,17,6,0.06,1.3,102,102,102,90,10,NA,9.27,covered,none
NW,NG034,Sokoto,NG034007,Gudu,non_idp,non_idp_NG034007,34738.06023597717,5789.676705996196,57,pps,FALSE,FALSE,17,14,6,0.06,1.3,102,102,102,90,10,NA,9.2,covered,none
NW,NG034,Sokoto,NG034008,Illela,non_idp,non_idp_NG034008,71303.6481552124,11883.941359202066,35,pps,FALSE,FALSE,17,17,6,0.06,1.3,102,102,102,90,10,NA,9.25,covered,none
NW,NG034,Sokoto,NG034009,Isa,non_idp,non_idp_NG034009,137444.0874557495,22907.347909291584,103,pps,FALSE,FALSE,17,13,6,0.06,1.3,102,102,102,90,10,NA,9.26,covered,none
NW,NG034,Sokoto,NG034010,Kebbe,non_idp,non_idp_NG034010,156331.7902469635,26055.298374493916,124,pps,FALSE,FALSE,17,17,6,0.06,1.3,102,102,102,90,10,NA,9.27,covered,none
NW,NG034,Sokoto,NG034011,Kware,non_idp,non_idp_NG034011,278132.03718948364,46355.339531580605,46,pps,FALSE,FALSE,17,16,6,0.06,1.3,102,102,102,90,10,NA,9.27,covered,none
NW,NG034,Sokoto,NG034012,Rabah,non_idp,non_idp_NG034012,175607.3538608551,29267.892310142517,132,pps,FALSE,FALSE,17,17,6,0.06,1.3,102,102,102,90,10,NA,9.27,covered,none
NW,NG034,Sokoto,NG034013,Sabon Birni,non_idp,non_idp_NG034013,74619.57082366943,12436.595137278238,52,pps,FALSE,FALSE,17,15,6,0.06,1.3,102,102,102,90,10,NA,9.25,covered,none
NW,NG034,Sokoto,NG034014,Shagari,non_idp,non_idp_NG034014,203217.82891464233,33869.63815244039,72,pps,FALSE,FALSE,17,17,6,0.06,1.3,102,102,102,90,10,NA,9.27,covered,none
NW,NG034,Sokoto,NG034015,Silame,non_idp,non_idp_NG034015,94377.22797966003,15729.537996610006,51,pps,FALSE,FALSE,17,16,6,0.06,1.3,102,102,102,90,10,NA,9.25,covered,none
NW,NG034,Sokoto,NG034016,Sokoto North,non_idp,non_idp_NG034016,289092.7495651245,48182.12492752075,6,pps,FALSE,FALSE,17,4,6,0.06,1.3,102,102,102,90,10,NA,9.27,covered,none
NW,NG034,Sokoto,NG034017,Sokoto South,non_idp,non_idp_NG034017,429367.9567871094,71561.32613118489,6,pps,FALSE,FALSE,17,4,6,0.06,1.3,102,102,102,90,10,NA,9.28,covered,none
NW,NG034,Sokoto,NG034018,Tambuwal,non_idp,non_idp_NG034018,312165.556930542,52027.592821756996,110,pps,FALSE,FALSE,17,16,6,0.06,1.3,102,102,102,90,10,NA,9.28,covered,none
NW,NG034,Sokoto,NG034019,Tangaza,non_idp,non_idp_NG034019,136007.72882461548,22667.95480410258,89,pps,FALSE,FALSE,17,18,6,0.06,1.3,102,102,103,90,10,NA,9.22,covered,none
NW,NG034,Sokoto,NG034020,Tureta,non_idp,non_idp_NG034020,143501.92295074463,23916.98715845744,124,pps,FALSE,FALSE,17,17,6,0.06,1.3,102,102,102,90,10,NA,9.27,covered,none
NW,NG034,Sokoto,NG034021,Wamako,non_idp,non_idp_NG034021,666756.5336761475,111126.08894602458,49,pps,FALSE,FALSE,17,12,6,0.06,1.3,102,102,102,90,10,NA,9.28,covered,none
NW,NG034,Sokoto,NG034022,Wurno,non_idp,non_idp_NG034022,183841.1490058899,30640.191500981648,45,pps,FALSE,FALSE,17,14,6,0.06,1.3,102,102,102,90,10,NA,9.27,covered,none
NW,NG034,Sokoto,NG034023,Yabo,non_idp,non_idp_NG034023,154293.33128738403,25715.555214564007,51,pps,FALSE,FALSE,17,15,6,0.06,1.3,102,102,102,90,10,NA,9.27,covered,none
NE,NG036,Yobe,NG036001,Bade,non_idp,non_idp_NG036001,188139.3825302124,31356.5637550354,71,pps,FALSE,FALSE,17,8,6,0.06,1.3,102,102,102,90,10,NA,9.27,covered,none
NE,NG036,Yobe,NG036002,Bursari,non_idp,non_idp_NG036002,263324.2084350586,43887.368072509766,246,pps,FALSE,FALSE,17,19,6,0.06,1.3,102,102,105,90,10,NA,9.14,covered,none
NE,NG036,Yobe,NG036003,Damaturu,non_idp,non_idp_NG036003,472767.0487213135,78794.50812021892,155,pps,FALSE,FALSE,17,10,6,0.06,1.3,102,102,102,90,10,NA,9.28,covered,none
NE,NG036,Yobe,NG036004,Fika,non_idp,non_idp_NG036004,226170.173286438,37695.028881073,149,pps,FALSE,FALSE,17,15,6,0.06,1.3,102,102,102,90,10,NA,9.27,covered,none
NE,NG036,Yobe,NG036005,Fune,non_idp,non_idp_NG036005,479309.1031074524,79884.85051790874,348,pps,FALSE,FALSE,17,16,6,0.06,1.3,102,102,102,90,10,NA,9.28,covered,none
NE,NG036,Yobe,NG036006,Geidam,non_idp,non_idp_NG036006,304823.92838668823,50803.988064448036,249,pps,FALSE,FALSE,17,15,6,0.06,1.3,102,102,102,90,10,NA,9.28,covered,none
NE,NG036,Yobe,NG036007,Gujba,non_idp,non_idp_NG036007,202209.0013885498,33701.500231424965,210,pps,FALSE,FALSE,17,15,6,0.06,1.3,102,102,102,90,10,NA,9.27,covered,none
NE,NG036,Yobe,NG036008,Gulani,non_idp,non_idp_NG036008,209589.52132034302,34931.58688672384,140,pps,FALSE,FALSE,17,17,6,0.06,1.3,102,102,102,90,10,NA,9.27,covered,none
NE,NG036,Yobe,NG036009,Jakusko,non_idp,non_idp_NG036009,298985.25082588196,49830.875137646995,231,pps,FALSE,FALSE,17,17,6,0.06,1.3,102,102,102,90,10,NA,9.28,covered,none
NE,NG036,Yobe,NG036010,Karasuwa,non_idp,non_idp_NG036010,139192.0453300476,23198.674221674602,99,pps,FALSE,FALSE,17,17,6,0.06,1.3,102,102,102,90,10,NA,9.26,covered,none
NE,NG036,Yobe,NG036011,Machina,non_idp,non_idp_NG036011,10672.273918151855,1778.7123196919758,16,pps,FALSE,FALSE,16,11,6,0.06,1.3,96,96,96,90,10,NA,9.31,covered,none
NE,NG036,Yobe,NG036012,Nangere,non_idp,non_idp_NG036012,200030.41593933105,33338.402656555176,82,pps,FALSE,FALSE,17,17,6,0.06,1.3,102,102,102,90,10,NA,9.27,covered,none
NE,NG036,Yobe,NG036013,Nguru,non_idp,non_idp_NG036013,202938.71264648438,33823.11877441406,55,pps,FALSE,FALSE,17,10,6,0.06,1.3,102,102,102,90,10,NA,9.27,covered,none
NE,NG036,Yobe,NG036014,Potiskum,non_idp,non_idp_NG036014,504638.78034973145,84106.4633916219,46,pps,FALSE,FALSE,17,7,6,0.06,1.3,102,102,102,90,10,NA,9.28,covered,none
NE,NG036,Yobe,NG036015,Tarmua,non_idp,non_idp_NG036015,227214.20594596863,37869.0343243281,264,pps,FALSE,FALSE,17,17,6,0.06,1.3,102,102,102,90,10,NA,9.27,covered,none
NE,NG036,Yobe,NG036016,Yunusari,non_idp,non_idp_NG036016,117792.81175231934,19632.135292053223,117,pps,FALSE,FALSE,17,17,6,0.06,1.3,102,102,102,90,10,NA,9.26,covered,none
NE,NG036,Yobe,NG036017,Yusufari,non_idp,non_idp_NG036017,135899.5456943512,22649.924282391865,131,pps,FALSE,FALSE,17,16,6,0.06,1.3,102,102,102,90,10,NA,9.26,covered,none
NW,NG037,Zamfara,NG037001,Anka,non_idp,non_idp_NG037001,200352.65575790405,33392.10929298401,155,pps,FALSE,FALSE,17,15,6,0.06,1.3,102,102,102,90,10,NA,9.27,covered,none
NW,NG037,Zamfara,NG037002,Bakura,non_idp,non_idp_NG037002,196902.78071594238,32817.13011932373,85,pps,FALSE,FALSE,17,15,6,0.06,1.3,102,102,102,90,10,NA,9.27,covered,none
NW,NG037,Zamfara,NG037003,Birnin Magaji,non_idp,non_idp_NG037003,191211.05641555786,31868.509402592976,82,pps,FALSE,FALSE,17,18,6,0.06,1.3,102,102,106,90,10,NA,9.09,covered,none
NW,NG037,Zamfara,NG037004,Bukkuyum,non_idp,non_idp_NG037004,305631.4310874939,50938.57184791565,195,pps,FALSE,FALSE,17,17,6,0.06,1.3,102,102,102,90,10,NA,9.28,covered,none
NW,NG037,Zamfara,NG037005,Bungudu,non_idp,non_idp_NG037005,560902.1705169678,93483.6950861613,148,pps,FALSE,FALSE,17,17,6,0.06,1.3,102,102,102,90,10,NA,9.28,covered,none
NW,NG037,Zamfara,NG037006,Gummi,non_idp,non_idp_NG037006,308549.54081344604,51424.92346890768,148,pps,FALSE,FALSE,17,16,6,0.06,1.3,102,102,102,90,10,NA,9.28,covered,none
NW,NG037,Zamfara,NG037007,Gusau,non_idp,non_idp_NG037007,982546.9675827026,163757.82793045044,164,pps,FALSE,FALSE,17,11,6,0.06,1.3,102,102,102,90,10,NA,9.28,covered,none
NW,NG037,Zamfara,NG037008,Kaura Namoda,non_idp,non_idp_NG037008,401074.020401001,66845.6700668335,62,pps,FALSE,FALSE,17,14,6,0.06,1.3,102,102,102,90,10,NA,9.28,covered,none
NW,NG037,Zamfara,NG037009,Maradun,non_idp,non_idp_NG037009,249163.37823486328,41527.22970581055,151,pps,FALSE,FALSE,17,16,6,0.06,1.3,102,102,102,90,10,NA,9.27,covered,none
NW,NG037,Zamfara,NG037010,Maru,non_idp,non_idp_NG037010,529380.8751220703,88230.14585367839,407,pps,FALSE,FALSE,17,18,6,0.06,1.3,102,102,104,90,10,NA,9.19,covered,none
NW,NG037,Zamfara,NG037011,Shinkafi,non_idp,non_idp_NG037011,164927.47760391235,27487.912933985393,55,pps,FALSE,FALSE,17,14,6,0.06,1.3,102,102,107,90,10,NA,9.05,covered,none
NW,NG037,Zamfara,NG037012,Talata Mafara,non_idp,non_idp_NG037012,342105.08012771606,57017.51335461935,95,pps,FALSE,FALSE,17,13,6,0.06,1.3,102,102,102,90,10,NA,9.28,covered,none
NW,NG037,Zamfara,NG037013,Tsafe,non_idp,non_idp_NG037013,356904.43032073975,59484.07172012329,117,pps,FALSE,FALSE,17,15,6,0.06,1.3,102,102,102,90,10,NA,9.28,covered,none
NW,NG037,Zamfara,NG037014,Zurmi,non_idp,non_idp_NG037014,279768.5110015869,46628.08516693115,118,pps,FALSE,FALSE,17,16,6,0.06,1.3,102,102,102,90,10,NA,9.27,covered,none
NE,NG002,Adamawa,NG002001,Demsa,idp,idp_NG002001,20573,3420,15,pps,FALSE,FALSE,17,9,6,0.06,1.3,102,102,102,90,10,NA,9.15,covered,none
NE,NG002,Adamawa,NG002002,Fufore,idp,idp_NG002002,9949,1605,13,pps,FALSE,FALSE,16,8,6,0.06,1.3,96,96,96,90,10,NA,9.28,covered,none
NE,NG002,Adamawa,NG002003,Ganye,idp,idp_NG002003,1176,195,5,pps,FALSE,FALSE,13,4,6,0.06,1.3,78,78,78,90,10,NA,8.25,covered,none
NE,NG002,Adamawa,NG002004,Gombi,idp,idp_NG002004,6841,1452,15,pps,FALSE,FALSE,16,10,6,0.06,1.3,96,96,96,90,10,NA,9.25,covered,none
NE,NG002,Adamawa,NG002005,Girei,idp,idp_NG002005,18151,3863,16,pps,FALSE,FALSE,17,11,6,0.06,1.3,102,102,102,90,10,NA,9.16,covered,none
NE,NG002,Adamawa,NG002006,Guyuk,idp,idp_NG002006,4308,718,9,pps,FALSE,FALSE,16,8,6,0.06,1.3,96,96,96,90,10,NA,8.91,covered,none
NE,NG002,Adamawa,NG002007,Hong,idp,idp_NG002007,10164,1781,28,pps,FALSE,FALSE,16,12,6,0.06,1.3,96,96,96,90,10,NA,9.31,covered,none
NE,NG002,Adamawa,NG002008,Jada,idp,idp_NG002008,960,160,3,pps,FALSE,FALSE,11,3,6,0.06,1.3,66,66,66,90,10,NA,8.87,covered,none
NE,NG002,Adamawa,NG002009,Lamurde,idp,idp_NG002009,5376,896,11,pps,FALSE,FALSE,16,9,6,0.06,1.3,96,96,96,90,10,NA,9.05,covered,none
NE,NG002,Adamawa,NG002010,Madagali,idp,idp_NG002010,14760,3088,17,pps,FALSE,FALSE,17,11,6,0.06,1.3,102,102,102,90,10,NA,9.13,covered,none
NE,NG002,Adamawa,NG002011,Maiha,idp,idp_NG002011,9628,1096,10,pps,FALSE,FALSE,16,10,6,0.06,1.3,96,96,96,90,10,NA,9.15,covered,none
NE,NG002,Adamawa,NG002012,Mayo-Belwa,idp,idp_NG002012,1748,321,5,pps,FALSE,FALSE,14,5,6,0.06,1.3,84,84,84,90,10,NA,8.8,covered,none
NE,NG002,Adamawa,NG002013,Michika,idp,idp_NG002013,3253,920,12,pps,FALSE,FALSE,16,8,6,0.06,1.3,96,96,96,90,10,NA,9.06,covered,none
NE,NG002,Adamawa,NG002014,Mubi North,idp,idp_NG002014,10337,2051,7,pps,FALSE,FALSE,17,6,6,0.06,1.3,102,102,102,90,10,NA,9.05,covered,none
NE,NG002,Adamawa,NG002015,Mubi South,idp,idp_NG002015,9946,1865,8,pps,FALSE,FALSE,17,5,6,0.06,1.3,102,102,102,90,10,NA,9.03,covered,none
NE,NG002,Adamawa,NG002016,Numan,idp,idp_NG002016,25858,3719,8,pps,FALSE,FALSE,17,8,6,0.06,1.3,102,102,102,90,10,NA,9.16,covered,none
NE,NG002,Adamawa,NG002017,Shelleng,idp,idp_NG002017,10686,1781,11,pps,FALSE,FALSE,16,7,6,0.06,1.3,96,96,96,90,10,NA,9.31,covered,none
NE,NG002,Adamawa,NG002018,Song,idp,idp_NG002018,5180,1216,12,pps,FALSE,FALSE,16,11,6,0.06,1.3,96,96,96,90,10,NA,9.19,covered,none
NE,NG002,Adamawa,NG002019,Toungo,idp,idp_NG002019,460,76,2,pps,FALSE,FALSE,8,2,6,0.06,1.3,48,48,48,90,10,NA,8.27,covered,none
NE,NG002,Adamawa,NG002020,Yola North,idp,idp_NG002020,11666,2544,6,pps,FALSE,FALSE,17,6,6,0.06,1.3,102,102,102,90,10,NA,9.1,covered,none
NE,NG002,Adamawa,NG002021,Yola South,idp,idp_NG002021,18746,3305,13,pps,FALSE,FALSE,17,11,6,0.06,1.3,102,102,102,90,10,NA,9.14,covered,none
NC,NG007,Benue,NG007002,Agatu,idp,idp_NG007002,27830,4892,13,pps,FALSE,FALSE,17,7,6,0.06,1.3,102,102,102,90,10,NA,9.19,covered,none
NC,NG007,Benue,NG007006,Guma,idp,idp_NG007006,111309,22077,19,pps,FALSE,FALSE,17,9,6,0.06,1.3,102,102,102,90,10,NA,9.26,covered,none
NC,NG007,Benue,NG007008,Gwer West,idp,idp_NG007008,50655,11197,9,pps,FALSE,FALSE,17,6,6,0.06,1.3,102,102,102,90,10,NA,9.24,covered,none
NC,NG007,Benue,NG007011,Kwande,idp,idp_NG007011,13591,2247,9,pps,FALSE,FALSE,17,7,6,0.06,1.3,102,102,102,90,10,NA,9.07,covered,none
NC,NG007,Benue,NG007012,Logo,idp,idp_NG007012,34214,5984,8,pps,FALSE,FALSE,17,8,6,0.06,1.3,102,102,102,90,10,NA,9.21,covered,none
NC,NG007,Benue,NG007013,Makurdi,idp,idp_NG007013,54792,13570,17,pps,FALSE,FALSE,17,11,6,0.06,1.3,102,102,102,90,10,NA,9.25,covered,none
NE,NG008,Borno,NG008002,Askira/Uba,idp,idp_NG008002,12762,2127,12,pps,FALSE,FALSE,17,9,6,0.06,1.3,102,102,102,90,10,NA,9.06,covered,none
NE,NG008,Borno,NG008003,Bama,idp,idp_NG008003,111144,36244,3,pps,FALSE,FALSE,17,1,6,0.06,1.3,102,102,102,90,10,NA,9.27,covered,none
NE,NG008,Borno,NG008004,Bayo,idp,idp_NG008004,549,93,9,pps,FALSE,FALSE,9,8,6,0.06,1.3,54,54,54,90,10,NA,8.31,covered,none
NE,NG008,Borno,NG008005,Biu,idp,idp_NG008005,52751,7195,13,pps,FALSE,FALSE,17,8,6,0.06,1.3,102,102,102,90,10,NA,9.22,covered,none
NE,NG008,Borno,NG008006,Chibok,idp,idp_NG008006,18091,3653,26,pps,FALSE,FALSE,17,11,6,0.06,1.3,102,102,102,90,10,NA,9.16,covered,none
NE,NG008,Borno,NG008007,Damboa,idp,idp_NG008007,114070,25722,14,pps,FALSE,FALSE,17,9,6,0.06,1.3,102,102,102,90,10,NA,9.27,covered,none
NE,NG008,Borno,NG008008,Dikwa,idp,idp_NG008008,109091,21741,3,pps,FALSE,FALSE,17,3,6,0.06,1.3,102,102,102,90,10,NA,9.26,covered,none
NE,NG008,Borno,NG008009,Gubio,idp,idp_NG008009,12890,2896,2,pps,FALSE,FALSE,17,2,6,0.06,1.3,102,102,102,90,10,NA,9.12,covered,none
NE,NG008,Borno,NG008011,Gwoza,idp,idp_NG008011,161897,31273,3,pps,FALSE,FALSE,17,2,6,0.06,1.3,102,102,102,90,10,NA,9.27,covered,none
NE,NG008,Borno,NG008012,Hawul,idp,idp_NG008012,23289,4172,15,pps,FALSE,FALSE,17,9,6,0.06,1.3,102,102,102,90,10,NA,9.17,covered,none
NE,NG008,Borno,NG008013,Jere,idp,idp_NG008013,262084,57906,22,pps,FALSE,FALSE,17,11,6,0.06,1.3,102,102,102,90,10,NA,9.28,covered,none
NE,NG008,Borno,NG008014,Kaga,idp,idp_NG008014,24885,4701,5,pps,FALSE,FALSE,17,3,6,0.06,1.3,102,102,102,90,10,NA,9.18,covered,none
NE,NG008,Borno,NG008015,Kala/Balge,idp,idp_NG008015,41059,10983,2,pps,FALSE,FALSE,17,2,6,0.06,1.3,102,102,102,90,10,NA,9.24,covered,none
NE,NG008,Borno,NG008016,Konduga,idp,idp_NG008016,73818,14702,14,pps,FALSE,FALSE,17,7,6,0.06,1.3,102,102,102,90,10,NA,9.25,covered,none
NE,NG008,Borno,NG008018,Kwaya Kusar,idp,idp_NG008018,5722,709,13,pps,FALSE,FALSE,16,12,6,0.06,1.3,96,96,96,90,10,NA,8.91,covered,none
NE,NG008,Borno,NG008019,Mafa,idp,idp_NG008019,42100,8276,2,pps,FALSE,FALSE,17,2,6,0.06,1.3,102,102,102,90,10,NA,9.23,covered,none
NE,NG008,Borno,NG008020,Magumeri,idp,idp_NG008020,38166,7621,3,pps,FALSE,FALSE,17,3,6,0.06,1.3,102,102,102,90,10,NA,9.22,covered,none
NE,NG008,Borno,NG008021,Maiduguri,idp,idp_NG008021,196014,35641,10,pps,FALSE,FALSE,17,7,6,0.06,1.3,102,102,102,90,10,NA,9.27,covered,none
NE,NG008,Borno,NG008024,Monguno,idp,idp_NG008024,146298,41540,5,pps,FALSE,FALSE,17,3,6,0.06,1.3,102,102,102,90,10,NA,9.27,covered,none
NE,NG008,Borno,NG008025,Ngala,idp,idp_NG008025,47965,11326,2,pps,FALSE,FALSE,17,2,6,0.06,1.3,102,102,102,90,10,NA,9.24,covered,none
NE,NG008,Borno,NG008027,Shani,idp,idp_NG008027,2703,407,11,pps,FALSE,FALSE,15,9,6,0.06,1.3,90,90,90,90,10,NA,8.73,covered,none
NW,NG019,Kaduna,NG019007,Jema'a,idp,idp_NG019007,2447,440,4,pps,FALSE,FALSE,15,4,6,0.06,1.3,90,90,90,90,10,NA,8.83,covered,none
NW,NG019,Kaduna,NG019023,Zaria,idp,idp_NG019023,556,121,4,pps,FALSE,FALSE,10,4,6,0.06,1.3,60,60,60,90,10,NA,8.63,covered,none
NW,NG021,Katsina,NG021001,Bakori,idp,idp_NG021001,3168,436,3,pps,FALSE,FALSE,15,3,6,0.06,1.3,90,90,90,90,10,NA,8.82,covered,none
NW,NG021,Katsina,NG021002,Batagarawa,idp,idp_NG021002,9661,1351,11,pps,FALSE,FALSE,16,8,6,0.06,1.3,96,96,96,90,10,NA,9.23,covered,none
NW,NG021,Katsina,NG021003,Batsari,idp,idp_NG021003,19531,2958,7,pps,FALSE,FALSE,17,6,6,0.06,1.3,102,102,102,90,10,NA,9.12,covered,none
NW,NG021,Katsina,NG021005,Bindawa,idp,idp_NG021005,3376,481,9,pps,FALSE,FALSE,15,9,6,0.06,1.3,90,90,90,90,10,NA,8.92,covered,none
NW,NG021,Katsina,NG021006,Charanchi,idp,idp_NG021006,4004,598,5,pps,FALSE,FALSE,15,5,6,0.06,1.3,90,90,90,90,10,NA,9.12,covered,none
NW,NG021,Katsina,NG021007,Dan Musa,idp,idp_NG021007,24005,3685,10,pps,FALSE,FALSE,17,10,6,0.06,1.3,102,102,102,90,10,NA,9.16,covered,none
NW,NG021,Katsina,NG021008,Dandume,idp,idp_NG021008,2142,306,2,pps,FALSE,FALSE,14,2,6,0.06,1.3,84,84,84,90,10,NA,8.73,covered,none
NW,NG021,Katsina,NG021009,Danja,idp,idp_NG021009,1728,223,5,pps,FALSE,FALSE,13,5,6,0.06,1.3,78,78,78,90,10,NA,8.58,covered,none
NW,NG021,Katsina,NG021010,Daura,idp,idp_NG021010,409,44,1,pps,FALSE,FALSE,6,1,6,0.06,1.3,36,36,36,90,10,NA,6.74,covered,none
NW,NG021,Katsina,NG021011,Dutsi,idp,idp_NG021011,1240,185,3,pps,FALSE,FALSE,11,3,6,0.06,1.3,66,66,66,90,10,NA,9.28,covered,none
NW,NG021,Katsina,NG021012,Dutsin-Ma,idp,idp_NG021012,9291,1229,4,pps,FALSE,FALSE,16,4,6,0.06,1.3,96,96,96,90,10,NA,9.19,covered,none
NW,NG021,Katsina,NG021013,Faskari,idp,idp_NG021013,7533,941,6,pps,FALSE,FALSE,16,6,6,0.06,1.3,96,96,96,90,10,NA,9.07,covered,none
NW,NG021,Katsina,NG021014,Funtua,idp,idp_NG021014,9787,1317,2,pps,FALSE,FALSE,16,2,6,0.06,1.3,96,96,96,90,10,NA,9.22,covered,none
NW,NG021,Katsina,NG021015,Ingawa,idp,idp_NG021015,292,45,1,pps,FALSE,FALSE,6,1,6,0.06,1.3,36,36,36,90,10,NA,7.07,covered,none
NW,NG021,Katsina,NG021017,Kafur,idp,idp_NG021017,4771,623,5,pps,FALSE,FALSE,15,5,6,0.06,1.3,90,90,90,90,10,NA,9.15,covered,none
NW,NG021,Katsina,NG021018,Kaita,idp,idp_NG021018,392,51,2,pps,FALSE,FALSE,7,2,6,0.06,1.3,42,42,42,90,10,NA,6.14,covered,none
NW,NG021,Katsina,NG021019,Kankara,idp,idp_NG021019,13789,1995,6,pps,FALSE,FALSE,17,5,6,0.06,1.3,102,102,102,90,10,NA,9.05,covered,none
NW,NG021,Katsina,NG021020,Kankia,idp,idp_NG021020,6382,800,6,pps,FALSE,FALSE,16,5,6,0.06,1.3,96,96,96,90,10,NA,8.98,covered,none
NW,NG021,Katsina,NG021021,Katsina,idp,idp_NG021021,10522,1430,4,pps,FALSE,FALSE,16,3,6,0.06,1.3,96,96,96,90,10,NA,9.25,covered,none
NW,NG021,Katsina,NG021022,Kurfi,idp,idp_NG021022,5117,728,6,pps,FALSE,FALSE,16,6,6,0.06,1.3,96,96,96,90,10,NA,8.92,covered,none
NW,NG021,Katsina,NG021023,Kusada,idp,idp_NG021023,1383,215,5,pps,FALSE,FALSE,13,5,6,0.06,1.3,78,78,78,90,10,NA,8.5,covered,none
NW,NG021,Katsina,NG021025,Malumfashi,idp,idp_NG021025,9280,1269,9,pps,FALSE,FALSE,16,8,6,0.06,1.3,96,96,96,90,10,NA,9.2,covered,none
NW,NG021,Katsina,NG021026,Mani,idp,idp_NG021026,2031,288,8,pps,FALSE,FALSE,14,6,6,0.06,1.3,84,84,84,90,10,NA,8.63,covered,none
NW,NG021,Katsina,NG021027,Mashi,idp,idp_NG021027,364,52,3,pps,FALSE,FALSE,7,3,6,0.06,1.3,42,42,42,90,10,NA,6.41,covered,none
NW,NG021,Katsina,NG021028,Matazu,idp,idp_NG021028,3081,418,5,pps,FALSE,FALSE,15,5,6,0.06,1.3,90,90,90,90,10,NA,8.77,covered,none
NW,NG021,Katsina,NG021029,Musawa,idp,idp_NG021029,7856,1053,10,pps,FALSE,FALSE,16,8,6,0.06,1.3,96,96,96,90,10,NA,9.13,covered,none
NW,NG021,Katsina,NG021030,Rimi,idp,idp_NG021030,2794,355,6,pps,FALSE,FALSE,14,6,6,0.06,1.3,84,84,84,90,10,NA,8.95,covered,none
NW,NG021,Katsina,NG021031,Sabuwa,idp,idp_NG021031,2177,305,3,pps,FALSE,FALSE,14,3,6,0.06,1.3,84,84,84,90,10,NA,8.72,covered,none
NW,NG021,Katsina,NG021032,Safana,idp,idp_NG021032,10804,1534,9,pps,FALSE,FALSE,16,7,6,0.06,1.3,96,96,96,90,10,NA,9.27,covered,none
NC,NG026,Nasarawa,NG026001,Akwanga,idp,idp_NG026001,722,122,8,pps,FALSE,FALSE,10,7,6,0.06,1.3,60,60,60,90,10,NA,8.67,covered,none
NC,NG026,Nasarawa,NG026002,Awe,idp,idp_NG026002,2342,461,8,pps,FALSE,FALSE,15,7,6,0.06,1.3,90,90,90,90,10,NA,8.88,covered,none
NC,NG026,Nasarawa,NG026005,Keana,idp,idp_NG026005,2857,609,3,pps,FALSE,FALSE,15,3,6,0.06,1.3,90,90,90,90,10,NA,9.13,covered,none
NC,NG026,Nasarawa,NG026007,Kokona,idp,idp_NG026007,592,112,5,pps,FALSE,FALSE,10,4,6,0.06,1.3,60,60,60,90,10,NA,8.29,covered,none
NC,NG026,Nasarawa,NG026008,Lafia,idp,idp_NG026008,3411,694,17,pps,FALSE,FALSE,16,13,6,0.06,1.3,96,96,96,90,10,NA,8.89,covered,none
NC,NG026,Nasarawa,NG026010,Nasarawa-Eggon,idp,idp_NG026010,1365,247,8,pps,FALSE,FALSE,13,4,6,0.06,1.3,78,78,78,90,10,NA,8.8,covered,none
NC,NG026,Nasarawa,NG026011,Obi,idp,idp_NG026011,1122,209,5,pps,FALSE,FALSE,13,4,6,0.06,1.3,78,78,78,90,10,NA,8.43,covered,none
NC,NG032,Plateau,NG032001,Barikin Ladi,idp,idp_NG032001,890,150,5,pps,FALSE,FALSE,11,4,6,0.06,1.3,66,66,66,90,10,NA,8.67,covered,none
NC,NG032,Plateau,NG032002,Bassa,idp,idp_NG032002,1555,305,4,pps,FALSE,FALSE,14,4,6,0.06,1.3,84,84,84,90,10,NA,8.72,covered,none
NC,NG032,Plateau,NG032003,Bokkos,idp,idp_NG032003,3041,557,3,pps,FALSE,FALSE,15,3,6,0.06,1.3,90,90,90,90,10,NA,9.06,covered,none
NC,NG032,Plateau,NG032011,Mangu,idp,idp_NG032011,11830,2343,13,pps,FALSE,FALSE,17,6,6,0.06,1.3,102,102,102,90,10,NA,9.08,covered,none
NC,NG032,Plateau,NG032015,Riyom,idp,idp_NG032015,6440,1215,9,pps,FALSE,FALSE,16,6,6,0.06,1.3,96,96,96,90,10,NA,9.19,covered,none
NW,NG034,Sokoto,NG034001,Binji,idp,idp_NG034001,619,161,2,pps,FALSE,FALSE,11,2,6,0.06,1.3,66,66,66,90,10,NA,8.89,covered,none
NW,NG034,Sokoto,NG034002,Bodinga,idp,idp_NG034002,1990,326,4,pps,FALSE,FALSE,14,4,6,0.06,1.3,84,84,84,90,10,NA,8.83,covered,none
NW,NG034,Sokoto,NG034003,Dange-Shuni,idp,idp_NG034003,4615,896,2,pps,FALSE,FALSE,16,2,6,0.06,1.3,96,96,96,90,10,NA,9.05,covered,none
NW,NG034,Sokoto,NG034004,Gada,idp,idp_NG034004,1014,183,3,pps,FALSE,FALSE,11,2,6,0.06,1.3,66,66,66,90,10,NA,9.25,covered,none
NW,NG034,Sokoto,NG034005,Gwadabawa,idp,idp_NG034005,3147,534,4,pps,FALSE,FALSE,15,4,6,0.06,1.3,90,90,90,90,10,NA,9.02,covered,none
NW,NG034,Sokoto,NG034006,Goronyo,idp,idp_NG034006,8406,1856,4,pps,FALSE,FALSE,16,4,6,0.06,1.3,96,96,96,90,10,NA,9.32,covered,none
NW,NG034,Sokoto,NG034007,Gudu,idp,idp_NG034007,1926,328,1,pps,FALSE,FALSE,14,1,6,0.06,1.3,84,84,84,90,10,NA,8.84,covered,none
NW,NG034,Sokoto,NG034009,Isa,idp,idp_NG034009,14047,3088,1,pps,FALSE,FALSE,17,1,6,0.06,1.3,102,102,102,90,10,NA,9.13,covered,none
NW,NG034,Sokoto,NG034010,Kebbe,idp,idp_NG034010,1039,185,2,pps,FALSE,FALSE,11,2,6,0.06,1.3,66,66,66,90,10,NA,9.28,covered,none
NW,NG034,Sokoto,NG034011,Kware,idp,idp_NG034011,4252,635,5,pps,FALSE,FALSE,15,5,6,0.06,1.3,90,90,90,90,10,NA,9.16,covered,none
NW,NG034,Sokoto,NG034012,Rabah,idp,idp_NG034012,8277,1648,6,pps,FALSE,FALSE,16,4,6,0.06,1.3,96,96,96,90,10,NA,9.29,covered,none
NW,NG034,Sokoto,NG034013,Sabon Birni,idp,idp_NG034013,2184,436,2,pps,FALSE,FALSE,15,2,6,0.06,1.3,90,90,90,90,10,NA,8.82,covered,none
NW,NG034,Sokoto,NG034014,Shagari,idp,idp_NG034014,14742,2596,4,pps,FALSE,FALSE,17,3,6,0.06,1.3,102,102,102,90,10,NA,9.1,covered,none
NW,NG034,Sokoto,NG034015,Silame,idp,idp_NG034015,3386,686,6,pps,FALSE,FALSE,16,4,6,0.06,1.3,96,96,96,90,10,NA,8.88,covered,none
NW,NG034,Sokoto,NG034016,Sokoto North,idp,idp_NG034016,3369,807,3,pps,FALSE,FALSE,16,3,6,0.06,1.3,96,96,96,90,10,NA,8.99,covered,none
NW,NG034,Sokoto,NG034017,Sokoto South,idp,idp_NG034017,3674,644,3,pps,FALSE,FALSE,15,3,6,0.06,1.3,90,90,90,90,10,NA,9.17,covered,none
NW,NG034,Sokoto,NG034018,Tambuwal,idp,idp_NG034018,17143,2518,9,pps,FALSE,FALSE,17,8,6,0.06,1.3,102,102,102,90,10,NA,9.1,covered,none
NW,NG034,Sokoto,NG034019,Tangaza,idp,idp_NG034019,19151,3001,4,pps,FALSE,FALSE,17,4,6,0.06,1.3,102,102,102,90,10,NA,9.13,covered,none
NW,NG034,Sokoto,NG034020,Tureta,idp,idp_NG034020,7179,1055,4,pps,FALSE,FALSE,16,4,6,0.06,1.3,96,96,96,90,10,NA,9.13,covered,none
NW,NG034,Sokoto,NG034021,Wamako,idp,idp_NG034021,3743,625,5,pps,FALSE,FALSE,15,5,6,0.06,1.3,90,90,90,90,10,NA,9.15,covered,none
NW,NG034,Sokoto,NG034022,Wurno,idp,idp_NG034022,2128,332,3,pps,FALSE,FALSE,14,3,6,0.06,1.3,84,84,84,90,10,NA,8.86,covered,none
NE,NG036,Yobe,NG036001,Bade,idp,idp_NG036001,25096,3846,8,pps,FALSE,FALSE,17,5,6,0.06,1.3,102,102,102,90,10,NA,9.16,covered,none
NE,NG036,Yobe,NG036002,Bursari,idp,idp_NG036002,5129,823,7,pps,FALSE,FALSE,16,7,6,0.06,1.3,96,96,96,90,10,NA,9,covered,none
NE,NG036,Yobe,NG036003,Damaturu,idp,idp_NG036003,22585,3891,17,pps,FALSE,FALSE,17,10,6,0.06,1.3,102,102,102,90,10,NA,9.16,covered,none
NE,NG036,Yobe,NG036004,Fika,idp,idp_NG036004,2932,472,6,pps,FALSE,FALSE,15,6,6,0.06,1.3,90,90,90,90,10,NA,8.9,covered,none
NE,NG036,Yobe,NG036005,Fune,idp,idp_NG036005,4674,745,12,pps,FALSE,FALSE,16,5,6,0.06,1.3,96,96,96,90,10,NA,8.94,covered,none
NE,NG036,Yobe,NG036006,Geidam,idp,idp_NG036006,14432,2221,6,pps,FALSE,FALSE,17,4,6,0.06,1.3,102,102,102,90,10,NA,9.07,covered,none
NE,NG036,Yobe,NG036007,Gujba,idp,idp_NG036007,48826,7046,13,pps,FALSE,FALSE,17,9,6,0.06,1.3,102,102,102,90,10,NA,9.22,covered,none
NE,NG036,Yobe,NG036008,Gulani,idp,idp_NG036008,2297,356,8,pps,FALSE,FALSE,14,8,6,0.06,1.3,84,84,84,90,10,NA,8.96,covered,none
NE,NG036,Yobe,NG036009,Jakusko,idp,idp_NG036009,2820,461,14,pps,FALSE,FALSE,15,12,6,0.06,1.3,90,90,90,90,10,NA,8.88,covered,none
NE,NG036,Yobe,NG036010,Karasuwa,idp,idp_NG036010,4670,842,8,pps,FALSE,FALSE,16,6,6,0.06,1.3,96,96,96,90,10,NA,9.01,covered,none
NE,NG036,Yobe,NG036011,Machina,idp,idp_NG036011,403,123,1,pps,FALSE,FALSE,10,1,6,0.06,1.3,60,60,60,90,10,NA,8.7,covered,none
NE,NG036,Yobe,NG036012,Nangere,idp,idp_NG036012,3110,486,7,pps,FALSE,FALSE,15,6,6,0.06,1.3,90,90,90,90,10,NA,8.93,covered,none
NE,NG036,Yobe,NG036013,Nguru,idp,idp_NG036013,6392,938,7,pps,FALSE,FALSE,16,4,6,0.06,1.3,96,96,96,90,10,NA,9.07,covered,none
NE,NG036,Yobe,NG036014,Potiskum,idp,idp_NG036014,8340,1270,6,pps,FALSE,FALSE,16,5,6,0.06,1.3,96,96,96,90,10,NA,9.21,covered,none
NE,NG036,Yobe,NG036015,Tarmua,idp,idp_NG036015,3961,768,5,pps,FALSE,FALSE,16,5,6,0.06,1.3,96,96,96,90,10,NA,8.96,covered,none
NE,NG036,Yobe,NG036016,Yunusari,idp,idp_NG036016,1649,244,8,pps,FALSE,FALSE,13,7,6,0.06,1.3,78,78,78,90,10,NA,8.78,covered,none
NE,NG036,Yobe,NG036017,Yusufari,idp,idp_NG036017,1996,405,8,pps,FALSE,FALSE,15,7,6,0.06,1.3,90,90,90,90,10,NA,8.73,covered,none
NW,NG037,Zamfara,NG037001,Anka,idp,idp_NG037001,48546,5067,4,pps,FALSE,FALSE,17,4,6,0.06,1.3,102,102,102,90,10,NA,9.19,covered,none
NW,NG037,Zamfara,NG037002,Bakura,idp,idp_NG037002,9196,1793,6,pps,FALSE,FALSE,16,6,6,0.06,1.3,96,96,96,90,10,NA,9.31,covered,none
NW,NG037,Zamfara,NG037003,Birnin Magaji,idp,idp_NG037003,10936,2149,5,pps,FALSE,FALSE,17,5,6,0.06,1.3,102,102,102,90,10,NA,9.06,covered,none
NW,NG037,Zamfara,NG037004,Bukkuyum,idp,idp_NG037004,21013,2849,10,pps,FALSE,FALSE,17,8,6,0.06,1.3,102,102,102,90,10,NA,9.12,covered,none
NW,NG037,Zamfara,NG037005,Bungudu,idp,idp_NG037005,7629,1487,5,pps,FALSE,FALSE,16,5,6,0.06,1.3,96,96,96,90,10,NA,9.26,covered,none
NW,NG037,Zamfara,NG037006,Gummi,idp,idp_NG037006,16839,2810,5,pps,FALSE,FALSE,17,3,6,0.06,1.3,102,102,102,90,10,NA,9.12,covered,none
NW,NG037,Zamfara,NG037007,Gusau,idp,idp_NG037007,70399,13101,14,pps,FALSE,FALSE,17,11,6,0.06,1.3,102,102,102,90,10,NA,9.25,covered,none
NW,NG037,Zamfara,NG037008,Kaura Namoda,idp,idp_NG037008,16639,2968,8,pps,FALSE,FALSE,17,8,6,0.06,1.3,102,102,102,90,10,NA,9.13,covered,none
NW,NG037,Zamfara,NG037009,Maradun,idp,idp_NG037009,6025,1153,5,pps,FALSE,FALSE,16,5,6,0.06,1.3,96,96,96,90,10,NA,9.17,covered,none
NW,NG037,Zamfara,NG037010,Maru,idp,idp_NG037010,9619,1850,7,pps,FALSE,FALSE,16,7,6,0.06,1.3,96,96,96,90,10,NA,9.32,covered,none
NW,NG037,Zamfara,NG037011,Shinkafi,idp,idp_NG037011,14139,2720,6,pps,FALSE,FALSE,17,6,6,0.06,1.3,102,102,102,90,10,NA,9.11,covered,none
NW,NG037,Zamfara,NG037012,Talata Mafara,idp,idp_NG037012,11837,2294,6,pps,FALSE,FALSE,17,6,6,0.06,1.3,102,102,102,90,10,NA,9.08,covered,none
NW,NG037,Zamfara,NG037013,Tsafe,idp,idp_NG037013,5240,849,4,pps,FALSE,FALSE,16,4,6,0.06,1.3,96,96,96,90,10,NA,9.02,covered,none
NW,NG037,Zamfara,NG037014,Zurmi,idp,idp_NG037014,17630,3375,4,pps,FALSE,FALSE,17,3,6,0.06,1.3,102,102,102,90,10,NA,9.14,covered,none
